date,epidemiological_year,epidemiological_week
2012-01-01,2012,1
2012-01-02,2012,1
2012-01-03,2012,1
2012-01-04,2012,1
2012-01-05,2012,1
2012-01-06,2012,1
2012-01-07,2012,1
2012-01-08,2012,2
2012-01-09,2012,2
2012-01-10,2012,2
2012-01-11,2012,2
2012-01-12,2012,2
2012-01-13,2012,2
2012-01-14,2012,2
2012-01-15,2012,3
2012-01-16,2012,3
2012-01-17,2012,3
2012-01-18,2012,3
2012-01-19,2012,3
2012-01-20,2012,3
2012-01-21,2012,3
2012-01-22,2012,4
2012-01-23,2012,4
2012-01-24,2012,4
2012-01-25,2012,4
2012-01-26,2012,4
2012-01-27,2012,4
2012-01-28,2012,4
2012-01-29,2012,5
2012-01-30,2012,5
2012-01-31,2012,5
2012-02-01,2012,5
2012-02-02,2012,5
2012-02-03,2012,5
2012-02-04,2012,5
2012-02-05,2012,6
2012-02-06,2012,6
2012-02-07,2012,6
2012-02-08,2012,6
2012-02-09,2012,6
2012-02-10,2012,6
2012-02-11,2012,6
2012-02-12,2012,7
2012-02-13,2012,7
2012-02-14,2012,7
2012-02-15,2012,7
2012-02-16,2012,7
2012-02-17,2012,7
2012-02-18,2012,7
2012-02-19,2012,8
2012-02-20,2012,8
2012-02-21,2012,8
2012-02-22,2012,8
2012-02-23,2012,8
2012-02-24,2012,8
2012-02-25,2012,8
2012-02-26,2012,9
2012-02-27,2012,9
2012-02-28,2012,9
2012-02-29,2012,9
2012-03-01,2012,9
2012-03-02,2012,9
2012-03-03,2012,9
2012-03-04,2012,10
2012-03-05,2012,10
2012-03-06,2012,10
2012-03-07,2012,10
2012-03-08,2012,10
2012-03-09,2012,10
2012-03-10,2012,10
2012-03-11,2012,11
2012-03-12,2012,11
2012-03-13,2012,11
2012-03-14,2012,11
2012-03-15,2012,11
2012-03-16,2012,11
2012-03-17,2012,11
2012-03-18,2012,12
2012-03-19,2012,12
2012-03-20,2012,12
2012-03-21,2012,12
2012-03-22,2012,12
2012-03-23,2012,12
2012-03-24,2012,12
2012-03-25,2012,13
2012-03-26,2012,13
2012-03-27,2012,13
2012-03-28,2012,13
2012-03-29,2012,13
2012-03-30,2012,13
2012-03-31,2012,13
2012-04-01,2012,14
2012-04-02,2012,14
2012-04-03,2012,14
2012-04-04,2012,14
2012-04-05,2012,14
2012-04-06,2012,14
2012-04-07,2012,14
2012-04-08,2012,15
2012-04-09,2012,15
2012-04-10,2012,15
2012-04-11,2012,15
2012-04-12,2012,15
2012-04-13,2012,15
2012-04-14,2012,15
2012-04-15,2012,16
2012-04-16,2012,16
2012-04-17,2012,16
2012-04-18,2012,16
2012-04-19,2012,16
2012-04-20,2012,16
2012-04-21,2012,16
2012-04-22,2012,17
2012-04-23,2012,17
2012-04-24,2012,17
2012-04-25,2012,17
2012-04-26,2012,17
2012-04-27,2012,17
2012-04-28,2012,17
2012-04-29,2012,18
2012-04-30,2012,18
2012-05-01,2012,18
2012-05-02,2012,18
2012-05-03,2012,18
2012-05-04,2012,18
2012-05-05,2012,18
2012-05-06,2012,19
2012-05-07,2012,19
2012-05-08,2012,19
2012-05-09,2012,19
2012-05-10,2012,19
2012-05-11,2012,19
2012-05-12,2012,19
2012-05-13,2012,20
2012-05-14,2012,20
2012-05-15,2012,20
2012-05-16,2012,20
2012-05-17,2012,20
2012-05-18,2012,20
2012-05-19,2012,20
2012-05-20,2012,21
2012-05-21,2012,21
2012-05-22,2012,21
2012-05-23,2012,21
2012-05-24,2012,21
2012-05-25,2012,21
2012-05-26,2012,21
2012-05-27,2012,22
2012-05-28,2012,22
2012-05-29,2012,22
2012-05-30,2012,22
2012-05-31,2012,22
2012-06-01,2012,22
2012-06-02,2012,22
2012-06-03,2012,23
2012-06-04,2012,23
2012-06-05,2012,23
2012-06-06,2012,23
2012-06-07,2012,23
2012-06-08,2012,23
2012-06-09,2012,23
2012-06-10,2012,24
2012-06-11,2012,24
2012-06-12,2012,24
2012-06-13,2012,24
2012-06-14,2012,24
2012-06-15,2012,24
2012-06-16,2012,24
2012-06-17,2012,25
2012-06-18,2012,25
2012-06-19,2012,25
2012-06-20,2012,25
2012-06-21,2012,25
2012-06-22,2012,25
2012-06-23,2012,25
2012-06-24,2012,26
2012-06-25,2012,26
2012-06-26,2012,26
2012-06-27,2012,26
2012-06-28,2012,26
2012-06-29,2012,26
2012-06-30,2012,26
2012-07-01,2012,27
2012-07-02,2012,27
2012-07-03,2012,27
2012-07-04,2012,27
2012-07-05,2012,27
2012-07-06,2012,27
2012-07-07,2012,27
2012-07-08,2012,28
2012-07-09,2012,28
2012-07-10,2012,28
2012-07-11,2012,28
2012-07-12,2012,28
2012-07-13,2012,28
2012-07-14,2012,28
2012-07-15,2012,29
2012-07-16,2012,29
2012-07-17,2012,29
2012-07-18,2012,29
2012-07-19,2012,29
2012-07-20,2012,29
2012-07-21,2012,29
2012-07-22,2012,30
2012-07-23,2012,30
2012-07-24,2012,30
2012-07-25,2012,30
2012-07-26,2012,30
2012-07-27,2012,30
2012-07-28,2012,30
2012-07-29,2012,31
2012-07-30,2012,31
2012-07-31,2012,31
2012-08-01,2012,31
2012-08-02,2012,31
2012-08-03,2012,31
2012-08-04,2012,31
2012-08-05,2012,32
2012-08-06,2012,32
2012-08-07,2012,32
2012-08-08,2012,32
2012-08-09,2012,32
2012-08-10,2012,32
2012-08-11,2012,32
2012-08-12,2012,33
2012-08-13,2012,33
2012-08-14,2012,33
2012-08-15,2012,33
2012-08-16,2012,33
2012-08-17,2012,33
2012-08-18,2012,33
2012-08-19,2012,34
2012-08-20,2012,34
2012-08-21,2012,34
2012-08-22,2012,34
2012-08-23,2012,34
2012-08-24,2012,34
2012-08-25,2012,34
2012-08-26,2012,35
2012-08-27,2012,35
2012-08-28,2012,35
2012-08-29,2012,35
2012-08-30,2012,35
2012-08-31,2012,35
2012-09-01,2012,35
2012-09-02,2012,36
2012-09-03,2012,36
2012-09-04,2012,36
2012-09-05,2012,36
2012-09-06,2012,36
2012-09-07,2012,36
2012-09-08,2012,36
2012-09-09,2012,37
2012-09-10,2012,37
2012-09-11,2012,37
2012-09-12,2012,37
2012-09-13,2012,37
2012-09-14,2012,37
2012-09-15,2012,37
2012-09-16,2012,38
2012-09-17,2012,38
2012-09-18,2012,38
2012-09-19,2012,38
2012-09-20,2012,38
2012-09-21,2012,38
2012-09-22,2012,38
2012-09-23,2012,39
2012-09-24,2012,39
2012-09-25,2012,39
2012-09-26,2012,39
2012-09-27,2012,39
2012-09-28,2012,39
2012-09-29,2012,39
2012-09-30,2012,40
2012-10-01,2012,40
2012-10-02,2012,40
2012-10-03,2012,40
2012-10-04,2012,40
2012-10-05,2012,40
2012-10-06,2012,40
2012-10-07,2012,41
2012-10-08,2012,41
2012-10-09,2012,41
2012-10-10,2012,41
2012-10-11,2012,41
2012-10-12,2012,41
2012-10-13,2012,41
2012-10-14,2012,42
2012-10-15,2012,42
2012-10-16,2012,42
2012-10-17,2012,42
2012-10-18,2012,42
2012-10-19,2012,42
2012-10-20,2012,42
2012-10-21,2012,43
2012-10-22,2012,43
2012-10-23,2012,43
2012-10-24,2012,43
2012-10-25,2012,43
2012-10-26,2012,43
2012-10-27,2012,43
2012-10-28,2012,44
2012-10-29,2012,44
2012-10-30,2012,44
2012-10-31,2012,44
2012-11-01,2012,44
2012-11-02,2012,44
2012-11-03,2012,44
2012-11-04,2012,45
2012-11-05,2012,45
2012-11-06,2012,45
2012-11-07,2012,45
2012-11-08,2012,45
2012-11-09,2012,45
2012-11-10,2012,45
2012-11-11,2012,46
2012-11-12,2012,46
2012-11-13,2012,46
2012-11-14,2012,46
2012-11-15,2012,46
2012-11-16,2012,46
2012-11-17,2012,46
2012-11-18,2012,47
2012-11-19,2012,47
2012-11-20,2012,47
2012-11-21,2012,47
2012-11-22,2012,47
2012-11-23,2012,47
2012-11-24,2012,47
2012-11-25,2012,48
2012-11-26,2012,48
2012-11-27,2012,48
2012-11-28,2012,48
2012-11-29,2012,48
2012-11-30,2012,48
2012-12-01,2012,48
2012-12-02,2012,49
2012-12-03,2012,49
2012-12-04,2012,49
2012-12-05,2012,49
2012-12-06,2012,49
2012-12-07,2012,49
2012-12-08,2012,49
2012-12-09,2012,50
2012-12-10,2012,50
2012-12-11,2012,50
2012-12-12,2012,50
2012-12-13,2012,50
2012-12-14,2012,50
2012-12-15,2012,50
2012-12-16,2012,51
2012-12-17,2012,51
2012-12-18,2012,51
2012-12-19,2012,51
2012-12-20,2012,51
2012-12-21,2012,51
2012-12-22,2012,51
2012-12-23,2012,52
2012-12-24,2012,52
2012-12-25,2012,52
2012-12-26,2012,52
2012-12-27,2012,52
2012-12-28,2012,52
2012-12-29,2012,52
2012-12-30,2013,1
2012-12-31,2013,1
2013-01-01,2013,1
2013-01-02,2013,1
2013-01-03,2013,1
2013-01-04,2013,1
2013-01-05,2013,1
2013-01-06,2013,2
2013-01-07,2013,2
2013-01-08,2013,2
2013-01-09,2013,2
2013-01-10,2013,2
2013-01-11,2013,2
2013-01-12,2013,2
2013-01-13,2013,3
2013-01-14,2013,3
2013-01-15,2013,3
2013-01-16,2013,3
2013-01-17,2013,3
2013-01-18,2013,3
2013-01-19,2013,3
2013-01-20,2013,4
2013-01-21,2013,4
2013-01-22,2013,4
2013-01-23,2013,4
2013-01-24,2013,4
2013-01-25,2013,4
2013-01-26,2013,4
2013-01-27,2013,5
2013-01-28,2013,5
2013-01-29,2013,5
2013-01-30,2013,5
2013-01-31,2013,5
2013-02-01,2013,5
2013-02-02,2013,5
2013-02-03,2013,6
2013-02-04,2013,6
2013-02-05,2013,6
2013-02-06,2013,6
2013-02-07,2013,6
2013-02-08,2013,6
2013-02-09,2013,6
2013-02-10,2013,7
2013-02-11,2013,7
2013-02-12,2013,7
2013-02-13,2013,7
2013-02-14,2013,7
2013-02-15,2013,7
2013-02-16,2013,7
2013-02-17,2013,8
2013-02-18,2013,8
2013-02-19,2013,8
2013-02-20,2013,8
2013-02-21,2013,8
2013-02-22,2013,8
2013-02-23,2013,8
2013-02-24,2013,9
2013-02-25,2013,9
2013-02-26,2013,9
2013-02-27,2013,9
2013-02-28,2013,9
2013-03-01,2013,9
2013-03-02,2013,9
2013-03-03,2013,10
2013-03-04,2013,10
2013-03-05,2013,10
2013-03-06,2013,10
2013-03-07,2013,10
2013-03-08,2013,10
2013-03-09,2013,10
2013-03-10,2013,11
2013-03-11,2013,11
2013-03-12,2013,11
2013-03-13,2013,11
2013-03-14,2013,11
2013-03-15,2013,11
2013-03-16,2013,11
2013-03-17,2013,12
2013-03-18,2013,12
2013-03-19,2013,12
2013-03-20,2013,12
2013-03-21,2013,12
2013-03-22,2013,12
2013-03-23,2013,12
2013-03-24,2013,13
2013-03-25,2013,13
2013-03-26,2013,13
2013-03-27,2013,13
2013-03-28,2013,13
2013-03-29,2013,13
2013-03-30,2013,13
2013-03-31,2013,14
2013-04-01,2013,14
2013-04-02,2013,14
2013-04-03,2013,14
2013-04-04,2013,14
2013-04-05,2013,14
2013-04-06,2013,14
2013-04-07,2013,15
2013-04-08,2013,15
2013-04-09,2013,15
2013-04-10,2013,15
2013-04-11,2013,15
2013-04-12,2013,15
2013-04-13,2013,15
2013-04-14,2013,16
2013-04-15,2013,16
2013-04-16,2013,16
2013-04-17,2013,16
2013-04-18,2013,16
2013-04-19,2013,16
2013-04-20,2013,16
2013-04-21,2013,17
2013-04-22,2013,17
2013-04-23,2013,17
2013-04-24,2013,17
2013-04-25,2013,17
2013-04-26,2013,17
2013-04-27,2013,17
2013-04-28,2013,18
2013-04-29,2013,18
2013-04-30,2013,18
2013-05-01,2013,18
2013-05-02,2013,18
2013-05-03,2013,18
2013-05-04,2013,18
2013-05-05,2013,19
2013-05-06,2013,19
2013-05-07,2013,19
2013-05-08,2013,19
2013-05-09,2013,19
2013-05-10,2013,19
2013-05-11,2013,19
2013-05-12,2013,20
2013-05-13,2013,20
2013-05-14,2013,20
2013-05-15,2013,20
2013-05-16,2013,20
2013-05-17,2013,20
2013-05-18,2013,20
2013-05-19,2013,21
2013-05-20,2013,21
2013-05-21,2013,21
2013-05-22,2013,21
2013-05-23,2013,21
2013-05-24,2013,21
2013-05-25,2013,21
2013-05-26,2013,22
2013-05-27,2013,22
2013-05-28,2013,22
2013-05-29,2013,22
2013-05-30,2013,22
2013-05-31,2013,22
2013-06-01,2013,22
2013-06-02,2013,23
2013-06-03,2013,23
2013-06-04,2013,23
2013-06-05,2013,23
2013-06-06,2013,23
2013-06-07,2013,23
2013-06-08,2013,23
2013-06-09,2013,24
2013-06-10,2013,24
2013-06-11,2013,24
2013-06-12,2013,24
2013-06-13,2013,24
2013-06-14,2013,24
2013-06-15,2013,24
2013-06-16,2013,25
2013-06-17,2013,25
2013-06-18,2013,25
2013-06-19,2013,25
2013-06-20,2013,25
2013-06-21,2013,25
2013-06-22,2013,25
2013-06-23,2013,26
2013-06-24,2013,26
2013-06-25,2013,26
2013-06-26,2013,26
2013-06-27,2013,26
2013-06-28,2013,26
2013-06-29,2013,26
2013-06-30,2013,27
2013-07-01,2013,27
2013-07-02,2013,27
2013-07-03,2013,27
2013-07-04,2013,27
2013-07-05,2013,27
2013-07-06,2013,27
2013-07-07,2013,28
2013-07-08,2013,28
2013-07-09,2013,28
2013-07-10,2013,28
2013-07-11,2013,28
2013-07-12,2013,28
2013-07-13,2013,28
2013-07-14,2013,29
2013-07-15,2013,29
2013-07-16,2013,29
2013-07-17,2013,29
2013-07-18,2013,29
2013-07-19,2013,29
2013-07-20,2013,29
2013-07-21,2013,30
2013-07-22,2013,30
2013-07-23,2013,30
2013-07-24,2013,30
2013-07-25,2013,30
2013-07-26,2013,30
2013-07-27,2013,30
2013-07-28,2013,31
2013-07-29,2013,31
2013-07-30,2013,31
2013-07-31,2013,31
2013-08-01,2013,31
2013-08-02,2013,31
2013-08-03,2013,31
2013-08-04,2013,32
2013-08-05,2013,32
2013-08-06,2013,32
2013-08-07,2013,32
2013-08-08,2013,32
2013-08-09,2013,32
2013-08-10,2013,32
2013-08-11,2013,33
2013-08-12,2013,33
2013-08-13,2013,33
2013-08-14,2013,33
2013-08-15,2013,33
2013-08-16,2013,33
2013-08-17,2013,33
2013-08-18,2013,34
2013-08-19,2013,34
2013-08-20,2013,34
2013-08-21,2013,34
2013-08-22,2013,34
2013-08-23,2013,34
2013-08-24,2013,34
2013-08-25,2013,35
2013-08-26,2013,35
2013-08-27,2013,35
2013-08-28,2013,35
2013-08-29,2013,35
2013-08-30,2013,35
2013-08-31,2013,35
2013-09-01,2013,36
2013-09-02,2013,36
2013-09-03,2013,36
2013-09-04,2013,36
2013-09-05,2013,36
2013-09-06,2013,36
2013-09-07,2013,36
2013-09-08,2013,37
2013-09-09,2013,37
2013-09-10,2013,37
2013-09-11,2013,37
2013-09-12,2013,37
2013-09-13,2013,37
2013-09-14,2013,37
2013-09-15,2013,38
2013-09-16,2013,38
2013-09-17,2013,38
2013-09-18,2013,38
2013-09-19,2013,38
2013-09-20,2013,38
2013-09-21,2013,38
2013-09-22,2013,39
2013-09-23,2013,39
2013-09-24,2013,39
2013-09-25,2013,39
2013-09-26,2013,39
2013-09-27,2013,39
2013-09-28,2013,39
2013-09-29,2013,40
2013-09-30,2013,40
2013-10-01,2013,40
2013-10-02,2013,40
2013-10-03,2013,40
2013-10-04,2013,40
2013-10-05,2013,40
2013-10-06,2013,41
2013-10-07,2013,41
2013-10-08,2013,41
2013-10-09,2013,41
2013-10-10,2013,41
2013-10-11,2013,41
2013-10-12,2013,41
2013-10-13,2013,42
2013-10-14,2013,42
2013-10-15,2013,42
2013-10-16,2013,42
2013-10-17,2013,42
2013-10-18,2013,42
2013-10-19,2013,42
2013-10-20,2013,43
2013-10-21,2013,43
2013-10-22,2013,43
2013-10-23,2013,43
2013-10-24,2013,43
2013-10-25,2013,43
2013-10-26,2013,43
2013-10-27,2013,44
2013-10-28,2013,44
2013-10-29,2013,44
2013-10-30,2013,44
2013-10-31,2013,44
2013-11-01,2013,44
2013-11-02,2013,44
2013-11-03,2013,45
2013-11-04,2013,45
2013-11-05,2013,45
2013-11-06,2013,45
2013-11-07,2013,45
2013-11-08,2013,45
2013-11-09,2013,45
2013-11-10,2013,46
2013-11-11,2013,46
2013-11-12,2013,46
2013-11-13,2013,46
2013-11-14,2013,46
2013-11-15,2013,46
2013-11-16,2013,46
2013-11-17,2013,47
2013-11-18,2013,47
2013-11-19,2013,47
2013-11-20,2013,47
2013-11-21,2013,47
2013-11-22,2013,47
2013-11-23,2013,47
2013-11-24,2013,48
2013-11-25,2013,48
2013-11-26,2013,48
2013-11-27,2013,48
2013-11-28,2013,48
2013-11-29,2013,48
2013-11-30,2013,48
2013-12-01,2013,49
2013-12-02,2013,49
2013-12-03,2013,49
2013-12-04,2013,49
2013-12-05,2013,49
2013-12-06,2013,49
2013-12-07,2013,49
2013-12-08,2013,50
2013-12-09,2013,50
2013-12-10,2013,50
2013-12-11,2013,50
2013-12-12,2013,50
2013-12-13,2013,50
2013-12-14,2013,50
2013-12-15,2013,51
2013-12-16,2013,51
2013-12-17,2013,51
2013-12-18,2013,51
2013-12-19,2013,51
2013-12-20,2013,51
2013-12-21,2013,51
2013-12-22,2013,52
2013-12-23,2013,52
2013-12-24,2013,52
2013-12-25,2013,52
2013-12-26,2013,52
2013-12-27,2013,52
2013-12-28,2013,52
2013-12-29,2014,1
2013-12-30,2014,1
2013-12-31,2014,1
2014-01-01,2014,1
2014-01-02,2014,1
2014-01-03,2014,1
2014-01-04,2014,1
2014-01-05,2014,2
2014-01-06,2014,2
2014-01-07,2014,2
2014-01-08,2014,2
2014-01-09,2014,2
2014-01-10,2014,2
2014-01-11,2014,2
2014-01-12,2014,3
2014-01-13,2014,3
2014-01-14,2014,3
2014-01-15,2014,3
2014-01-16,2014,3
2014-01-17,2014,3
2014-01-18,2014,3
2014-01-19,2014,4
2014-01-20,2014,4
2014-01-21,2014,4
2014-01-22,2014,4
2014-01-23,2014,4
2014-01-24,2014,4
2014-01-25,2014,4
2014-01-26,2014,5
2014-01-27,2014,5
2014-01-28,2014,5
2014-01-29,2014,5
2014-01-30,2014,5
2014-01-31,2014,5
2014-02-01,2014,5
2014-02-02,2014,6
2014-02-03,2014,6
2014-02-04,2014,6
2014-02-05,2014,6
2014-02-06,2014,6
2014-02-07,2014,6
2014-02-08,2014,6
2014-02-09,2014,7
2014-02-10,2014,7
2014-02-11,2014,7
2014-02-12,2014,7
2014-02-13,2014,7
2014-02-14,2014,7
2014-02-15,2014,7
2014-02-16,2014,8
2014-02-17,2014,8
2014-02-18,2014,8
2014-02-19,2014,8
2014-02-20,2014,8
2014-02-21,2014,8
2014-02-22,2014,8
2014-02-23,2014,9
2014-02-24,2014,9
2014-02-25,2014,9
2014-02-26,2014,9
2014-02-27,2014,9
2014-02-28,2014,9
2014-03-01,2014,9
2014-03-02,2014,10
2014-03-03,2014,10
2014-03-04,2014,10
2014-03-05,2014,10
2014-03-06,2014,10
2014-03-07,2014,10
2014-03-08,2014,10
2014-03-09,2014,11
2014-03-10,2014,11
2014-03-11,2014,11
2014-03-12,2014,11
2014-03-13,2014,11
2014-03-14,2014,11
2014-03-15,2014,11
2014-03-16,2014,12
2014-03-17,2014,12
2014-03-18,2014,12
2014-03-19,2014,12
2014-03-20,2014,12
2014-03-21,2014,12
2014-03-22,2014,12
2014-03-23,2014,13
2014-03-24,2014,13
2014-03-25,2014,13
2014-03-26,2014,13
2014-03-27,2014,13
2014-03-28,2014,13
2014-03-29,2014,13
2014-03-30,2014,14
2014-03-31,2014,14
2014-04-01,2014,14
2014-04-02,2014,14
2014-04-03,2014,14
2014-04-04,2014,14
2014-04-05,2014,14
2014-04-06,2014,15
2014-04-07,2014,15
2014-04-08,2014,15
2014-04-09,2014,15
2014-04-10,2014,15
2014-04-11,2014,15
2014-04-12,2014,15
2014-04-13,2014,16
2014-04-14,2014,16
2014-04-15,2014,16
2014-04-16,2014,16
2014-04-17,2014,16
2014-04-18,2014,16
2014-04-19,2014,16
2014-04-20,2014,17
2014-04-21,2014,17
2014-04-22,2014,17
2014-04-23,2014,17
2014-04-24,2014,17
2014-04-25,2014,17
2014-04-26,2014,17
2014-04-27,2014,18
2014-04-28,2014,18
2014-04-29,2014,18
2014-04-30,2014,18
2014-05-01,2014,18
2014-05-02,2014,18
2014-05-03,2014,18
2014-05-04,2014,19
2014-05-05,2014,19
2014-05-06,2014,19
2014-05-07,2014,19
2014-05-08,2014,19
2014-05-09,2014,19
2014-05-10,2014,19
2014-05-11,2014,20
2014-05-12,2014,20
2014-05-13,2014,20
2014-05-14,2014,20
2014-05-15,2014,20
2014-05-16,2014,20
2014-05-17,2014,20
2014-05-18,2014,21
2014-05-19,2014,21
2014-05-20,2014,21
2014-05-21,2014,21
2014-05-22,2014,21
2014-05-23,2014,21
2014-05-24,2014,21
2014-05-25,2014,22
2014-05-26,2014,22
2014-05-27,2014,22
2014-05-28,2014,22
2014-05-29,2014,22
2014-05-30,2014,22
2014-05-31,2014,22
2014-06-01,2014,23
2014-06-02,2014,23
2014-06-03,2014,23
2014-06-04,2014,23
2014-06-05,2014,23
2014-06-06,2014,23
2014-06-07,2014,23
2014-06-08,2014,24
2014-06-09,2014,24
2014-06-10,2014,24
2014-06-11,2014,24
2014-06-12,2014,24
2014-06-13,2014,24
2014-06-14,2014,24
2014-06-15,2014,25
2014-06-16,2014,25
2014-06-17,2014,25
2014-06-18,2014,25
2014-06-19,2014,25
2014-06-20,2014,25
2014-06-21,2014,25
2014-06-22,2014,26
2014-06-23,2014,26
2014-06-24,2014,26
2014-06-25,2014,26
2014-06-26,2014,26
2014-06-27,2014,26
2014-06-28,2014,26
2014-06-29,2014,27
2014-06-30,2014,27
2014-07-01,2014,27
2014-07-02,2014,27
2014-07-03,2014,27
2014-07-04,2014,27
2014-07-05,2014,27
2014-07-06,2014,28
2014-07-07,2014,28
2014-07-08,2014,28
2014-07-09,2014,28
2014-07-10,2014,28
2014-07-11,2014,28
2014-07-12,2014,28
2014-07-13,2014,29
2014-07-14,2014,29
2014-07-15,2014,29
2014-07-16,2014,29
2014-07-17,2014,29
2014-07-18,2014,29
2014-07-19,2014,29
2014-07-20,2014,30
2014-07-21,2014,30
2014-07-22,2014,30
2014-07-23,2014,30
2014-07-24,2014,30
2014-07-25,2014,30
2014-07-26,2014,30
2014-07-27,2014,31
2014-07-28,2014,31
2014-07-29,2014,31
2014-07-30,2014,31
2014-07-31,2014,31
2014-08-01,2014,31
2014-08-02,2014,31
2014-08-03,2014,32
2014-08-04,2014,32
2014-08-05,2014,32
2014-08-06,2014,32
2014-08-07,2014,32
2014-08-08,2014,32
2014-08-09,2014,32
2014-08-10,2014,33
2014-08-11,2014,33
2014-08-12,2014,33
2014-08-13,2014,33
2014-08-14,2014,33
2014-08-15,2014,33
2014-08-16,2014,33
2014-08-17,2014,34
2014-08-18,2014,34
2014-08-19,2014,34
2014-08-20,2014,34
2014-08-21,2014,34
2014-08-22,2014,34
2014-08-23,2014,34
2014-08-24,2014,35
2014-08-25,2014,35
2014-08-26,2014,35
2014-08-27,2014,35
2014-08-28,2014,35
2014-08-29,2014,35
2014-08-30,2014,35
2014-08-31,2014,36
2014-09-01,2014,36
2014-09-02,2014,36
2014-09-03,2014,36
2014-09-04,2014,36
2014-09-05,2014,36
2014-09-06,2014,36
2014-09-07,2014,37
2014-09-08,2014,37
2014-09-09,2014,37
2014-09-10,2014,37
2014-09-11,2014,37
2014-09-12,2014,37
2014-09-13,2014,37
2014-09-14,2014,38
2014-09-15,2014,38
2014-09-16,2014,38
2014-09-17,2014,38
2014-09-18,2014,38
2014-09-19,2014,38
2014-09-20,2014,38
2014-09-21,2014,39
2014-09-22,2014,39
2014-09-23,2014,39
2014-09-24,2014,39
2014-09-25,2014,39
2014-09-26,2014,39
2014-09-27,2014,39
2014-09-28,2014,40
2014-09-29,2014,40
2014-09-30,2014,40
2014-10-01,2014,40
2014-10-02,2014,40
2014-10-03,2014,40
2014-10-04,2014,40
2014-10-05,2014,41
2014-10-06,2014,41
2014-10-07,2014,41
2014-10-08,2014,41
2014-10-09,2014,41
2014-10-10,2014,41
2014-10-11,2014,41
2014-10-12,2014,42
2014-10-13,2014,42
2014-10-14,2014,42
2014-10-15,2014,42
2014-10-16,2014,42
2014-10-17,2014,42
2014-10-18,2014,42
2014-10-19,2014,43
2014-10-20,2014,43
2014-10-21,2014,43
2014-10-22,2014,43
2014-10-23,2014,43
2014-10-24,2014,43
2014-10-25,2014,43
2014-10-26,2014,44
2014-10-27,2014,44
2014-10-28,2014,44
2014-10-29,2014,44
2014-10-30,2014,44
2014-10-31,2014,44
2014-11-01,2014,44
2014-11-02,2014,45
2014-11-03,2014,45
2014-11-04,2014,45
2014-11-05,2014,45
2014-11-06,2014,45
2014-11-07,2014,45
2014-11-08,2014,45
2014-11-09,2014,46
2014-11-10,2014,46
2014-11-11,2014,46
2014-11-12,2014,46
2014-11-13,2014,46
2014-11-14,2014,46
2014-11-15,2014,46
2014-11-16,2014,47
2014-11-17,2014,47
2014-11-18,2014,47
2014-11-19,2014,47
2014-11-20,2014,47
2014-11-21,2014,47
2014-11-22,2014,47
2014-11-23,2014,48
2014-11-24,2014,48
2014-11-25,2014,48
2014-11-26,2014,48
2014-11-27,2014,48
2014-11-28,2014,48
2014-11-29,2014,48
2014-11-30,2014,49
2014-12-01,2014,49
2014-12-02,2014,49
2014-12-03,2014,49
2014-12-04,2014,49
2014-12-05,2014,49
2014-12-06,2014,49
2014-12-07,2014,50
2014-12-08,2014,50
2014-12-09,2014,50
2014-12-10,2014,50
2014-12-11,2014,50
2014-12-12,2014,50
2014-12-13,2014,50
2014-12-14,2014,51
2014-12-15,2014,51
2014-12-16,2014,51
2014-12-17,2014,51
2014-12-18,2014,51
2014-12-19,2014,51
2014-12-20,2014,51
2014-12-21,2014,52
2014-12-22,2014,52
2014-12-23,2014,52
2014-12-24,2014,52
2014-12-25,2014,52
2014-12-26,2014,52
2014-12-27,2014,52
2014-12-28,2014,53
2014-12-29,2014,53
2014-12-30,2014,53
2014-12-31,2014,53
2015-01-01,2014,53
2015-01-02,2014,53
2015-01-03,2014,53
2015-01-04,2015,1
2015-01-05,2015,1
2015-01-06,2015,1
2015-01-07,2015,1
2015-01-08,2015,1
2015-01-09,2015,1
2015-01-10,2015,1
2015-01-11,2015,2
2015-01-12,2015,2
2015-01-13,2015,2
2015-01-14,2015,2
2015-01-15,2015,2
2015-01-16,2015,2
2015-01-17,2015,2
2015-01-18,2015,3
2015-01-19,2015,3
2015-01-20,2015,3
2015-01-21,2015,3
2015-01-22,2015,3
2015-01-23,2015,3
2015-01-24,2015,3
2015-01-25,2015,4
2015-01-26,2015,4
2015-01-27,2015,4
2015-01-28,2015,4
2015-01-29,2015,4
2015-01-30,2015,4
2015-01-31,2015,4
2015-02-01,2015,5
2015-02-02,2015,5
2015-02-03,2015,5
2015-02-04,2015,5
2015-02-05,2015,5
2015-02-06,2015,5
2015-02-07,2015,5
2015-02-08,2015,6
2015-02-09,2015,6
2015-02-10,2015,6
2015-02-11,2015,6
2015-02-12,2015,6
2015-02-13,2015,6
2015-02-14,2015,6
2015-02-15,2015,7
2015-02-16,2015,7
2015-02-17,2015,7
2015-02-18,2015,7
2015-02-19,2015,7
2015-02-20,2015,7
2015-02-21,2015,7
2015-02-22,2015,8
2015-02-23,2015,8
2015-02-24,2015,8
2015-02-25,2015,8
2015-02-26,2015,8
2015-02-27,2015,8
2015-02-28,2015,8
2015-03-01,2015,9
2015-03-02,2015,9
2015-03-03,2015,9
2015-03-04,2015,9
2015-03-05,2015,9
2015-03-06,2015,9
2015-03-07,2015,9
2015-03-08,2015,10
2015-03-09,2015,10
2015-03-10,2015,10
2015-03-11,2015,10
2015-03-12,2015,10
2015-03-13,2015,10
2015-03-14,2015,10
2015-03-15,2015,11
2015-03-16,2015,11
2015-03-17,2015,11
2015-03-18,2015,11
2015-03-19,2015,11
2015-03-20,2015,11
2015-03-21,2015,11
2015-03-22,2015,12
2015-03-23,2015,12
2015-03-24,2015,12
2015-03-25,2015,12
2015-03-26,2015,12
2015-03-27,2015,12
2015-03-28,2015,12
2015-03-29,2015,13
2015-03-30,2015,13
2015-03-31,2015,13
2015-04-01,2015,13
2015-04-02,2015,13
2015-04-03,2015,13
2015-04-04,2015,13
2015-04-05,2015,14
2015-04-06,2015,14
2015-04-07,2015,14
2015-04-08,2015,14
2015-04-09,2015,14
2015-04-10,2015,14
2015-04-11,2015,14
2015-04-12,2015,15
2015-04-13,2015,15
2015-04-14,2015,15
2015-04-15,2015,15
2015-04-16,2015,15
2015-04-17,2015,15
2015-04-18,2015,15
2015-04-19,2015,16
2015-04-20,2015,16
2015-04-21,2015,16
2015-04-22,2015,16
2015-04-23,2015,16
2015-04-24,2015,16
2015-04-25,2015,16
2015-04-26,2015,17
2015-04-27,2015,17
2015-04-28,2015,17
2015-04-29,2015,17
2015-04-30,2015,17
2015-05-01,2015,17
2015-05-02,2015,17
2015-05-03,2015,18
2015-05-04,2015,18
2015-05-05,2015,18
2015-05-06,2015,18
2015-05-07,2015,18
2015-05-08,2015,18
2015-05-09,2015,18
2015-05-10,2015,19
2015-05-11,2015,19
2015-05-12,2015,19
2015-05-13,2015,19
2015-05-14,2015,19
2015-05-15,2015,19
2015-05-16,2015,19
2015-05-17,2015,20
2015-05-18,2015,20
2015-05-19,2015,20
2015-05-20,2015,20
2015-05-21,2015,20
2015-05-22,2015,20
2015-05-23,2015,20
2015-05-24,2015,21
2015-05-25,2015,21
2015-05-26,2015,21
2015-05-27,2015,21
2015-05-28,2015,21
2015-05-29,2015,21
2015-05-30,2015,21
2015-05-31,2015,22
2015-06-01,2015,22
2015-06-02,2015,22
2015-06-03,2015,22
2015-06-04,2015,22
2015-06-05,2015,22
2015-06-06,2015,22
2015-06-07,2015,23
2015-06-08,2015,23
2015-06-09,2015,23
2015-06-10,2015,23
2015-06-11,2015,23
2015-06-12,2015,23
2015-06-13,2015,23
2015-06-14,2015,24
2015-06-15,2015,24
2015-06-16,2015,24
2015-06-17,2015,24
2015-06-18,2015,24
2015-06-19,2015,24
2015-06-20,2015,24
2015-06-21,2015,25
2015-06-22,2015,25
2015-06-23,2015,25
2015-06-24,2015,25
2015-06-25,2015,25
2015-06-26,2015,25
2015-06-27,2015,25
2015-06-28,2015,26
2015-06-29,2015,26
2015-06-30,2015,26
2015-07-01,2015,26
2015-07-02,2015,26
2015-07-03,2015,26
2015-07-04,2015,26
2015-07-05,2015,27
2015-07-06,2015,27
2015-07-07,2015,27
2015-07-08,2015,27
2015-07-09,2015,27
2015-07-10,2015,27
2015-07-11,2015,27
2015-07-12,2015,28
2015-07-13,2015,28
2015-07-14,2015,28
2015-07-15,2015,28
2015-07-16,2015,28
2015-07-17,2015,28
2015-07-18,2015,28
2015-07-19,2015,29
2015-07-20,2015,29
2015-07-21,2015,29
2015-07-22,2015,29
2015-07-23,2015,29
2015-07-24,2015,29
2015-07-25,2015,29
2015-07-26,2015,30
2015-07-27,2015,30
2015-07-28,2015,30
2015-07-29,2015,30
2015-07-30,2015,30
2015-07-31,2015,30
2015-08-01,2015,30
2015-08-02,2015,31
2015-08-03,2015,31
2015-08-04,2015,31
2015-08-05,2015,31
2015-08-06,2015,31
2015-08-07,2015,31
2015-08-08,2015,31
2015-08-09,2015,32
2015-08-10,2015,32
2015-08-11,2015,32
2015-08-12,2015,32
2015-08-13,2015,32
2015-08-14,2015,32
2015-08-15,2015,32
2015-08-16,2015,33
2015-08-17,2015,33
2015-08-18,2015,33
2015-08-19,2015,33
2015-08-20,2015,33
2015-08-21,2015,33
2015-08-22,2015,33
2015-08-23,2015,34
2015-08-24,2015,34
2015-08-25,2015,34
2015-08-26,2015,34
2015-08-27,2015,34
2015-08-28,2015,34
2015-08-29,2015,34
2015-08-30,2015,35
2015-08-31,2015,35
2015-09-01,2015,35
2015-09-02,2015,35
2015-09-03,2015,35
2015-09-04,2015,35
2015-09-05,2015,35
2015-09-06,2015,36
2015-09-07,2015,36
2015-09-08,2015,36
2015-09-09,2015,36
2015-09-10,2015,36
2015-09-11,2015,36
2015-09-12,2015,36
2015-09-13,2015,37
2015-09-14,2015,37
2015-09-15,2015,37
2015-09-16,2015,37
2015-09-17,2015,37
2015-09-18,2015,37
2015-09-19,2015,37
2015-09-20,2015,38
2015-09-21,2015,38
2015-09-22,2015,38
2015-09-23,2015,38
2015-09-24,2015,38
2015-09-25,2015,38
2015-09-26,2015,38
2015-09-27,2015,39
2015-09-28,2015,39
2015-09-29,2015,39
2015-09-30,2015,39
2015-10-01,2015,39
2015-10-02,2015,39
2015-10-03,2015,39
2015-10-04,2015,40
2015-10-05,2015,40
2015-10-06,2015,40
2015-10-07,2015,40
2015-10-08,2015,40
2015-10-09,2015,40
2015-10-10,2015,40
2015-10-11,2015,41
2015-10-12,2015,41
2015-10-13,2015,41
2015-10-14,2015,41
2015-10-15,2015,41
2015-10-16,2015,41
2015-10-17,2015,41
2015-10-18,2015,42
2015-10-19,2015,42
2015-10-20,2015,42
2015-10-21,2015,42
2015-10-22,2015,42
2015-10-23,2015,42
2015-10-24,2015,42
2015-10-25,2015,43
2015-10-26,2015,43
2015-10-27,2015,43
2015-10-28,2015,43
2015-10-29,2015,43
2015-10-30,2015,43
2015-10-31,2015,43
2015-11-01,2015,44
2015-11-02,2015,44
2015-11-03,2015,44
2015-11-04,2015,44
2015-11-05,2015,44
2015-11-06,2015,44
2015-11-07,2015,44
2015-11-08,2015,45
2015-11-09,2015,45
2015-11-10,2015,45
2015-11-11,2015,45
2015-11-12,2015,45
2015-11-13,2015,45
2015-11-14,2015,45
2015-11-15,2015,46
2015-11-16,2015,46
2015-11-17,2015,46
2015-11-18,2015,46
2015-11-19,2015,46
2015-11-20,2015,46
2015-11-21,2015,46
2015-11-22,2015,47
2015-11-23,2015,47
2015-11-24,2015,47
2015-11-25,2015,47
2015-11-26,2015,47
2015-11-27,2015,47
2015-11-28,2015,47
2015-11-29,2015,48
2015-11-30,2015,48
2015-12-01,2015,48
2015-12-02,2015,48
2015-12-03,2015,48
2015-12-04,2015,48
2015-12-05,2015,48
2015-12-06,2015,49
2015-12-07,2015,49
2015-12-08,2015,49
2015-12-09,2015,49
2015-12-10,2015,49
2015-12-11,2015,49
2015-12-12,2015,49
2015-12-13,2015,50
2015-12-14,2015,50
2015-12-15,2015,50
2015-12-16,2015,50
2015-12-17,2015,50
2015-12-18,2015,50
2015-12-19,2015,50
2015-12-20,2015,51
2015-12-21,2015,51
2015-12-22,2015,51
2015-12-23,2015,51
2015-12-24,2015,51
2015-12-25,2015,51
2015-12-26,2015,51
2015-12-27,2015,52
2015-12-28,2015,52
2015-12-29,2015,52
2015-12-30,2015,52
2015-12-31,2015,52
2016-01-01,2015,52
2016-01-02,2015,52
2016-01-03,2016,1
2016-01-04,2016,1
2016-01-05,2016,1
2016-01-06,2016,1
2016-01-07,2016,1
2016-01-08,2016,1
2016-01-09,2016,1
2016-01-10,2016,2
2016-01-11,2016,2
2016-01-12,2016,2
2016-01-13,2016,2
2016-01-14,2016,2
2016-01-15,2016,2
2016-01-16,2016,2
2016-01-17,2016,3
2016-01-18,2016,3
2016-01-19,2016,3
2016-01-20,2016,3
2016-01-21,2016,3
2016-01-22,2016,3
2016-01-23,2016,3
2016-01-24,2016,4
2016-01-25,2016,4
2016-01-26,2016,4
2016-01-27,2016,4
2016-01-28,2016,4
2016-01-29,2016,4
2016-01-30,2016,4
2016-01-31,2016,5
2016-02-01,2016,5
2016-02-02,2016,5
2016-02-03,2016,5
2016-02-04,2016,5
2016-02-05,2016,5
2016-02-06,2016,5
2016-02-07,2016,6
2016-02-08,2016,6
2016-02-09,2016,6
2016-02-10,2016,6
2016-02-11,2016,6
2016-02-12,2016,6
2016-02-13,2016,6
2016-02-14,2016,7
2016-02-15,2016,7
2016-02-16,2016,7
2016-02-17,2016,7
2016-02-18,2016,7
2016-02-19,2016,7
2016-02-20,2016,7
2016-02-21,2016,8
2016-02-22,2016,8
2016-02-23,2016,8
2016-02-24,2016,8
2016-02-25,2016,8
2016-02-26,2016,8
2016-02-27,2016,8
2016-02-28,2016,9
2016-02-29,2016,9
2016-03-01,2016,9
2016-03-02,2016,9
2016-03-03,2016,9
2016-03-04,2016,9
2016-03-05,2016,9
2016-03-06,2016,10
2016-03-07,2016,10
2016-03-08,2016,10
2016-03-09,2016,10
2016-03-10,2016,10
2016-03-11,2016,10
2016-03-12,2016,10
2016-03-13,2016,11
2016-03-14,2016,11
2016-03-15,2016,11
2016-03-16,2016,11
2016-03-17,2016,11
2016-03-18,2016,11
2016-03-19,2016,11
2016-03-20,2016,12
2016-03-21,2016,12
2016-03-22,2016,12
2016-03-23,2016,12
2016-03-24,2016,12
2016-03-25,2016,12
2016-03-26,2016,12
2016-03-27,2016,13
2016-03-28,2016,13
2016-03-29,2016,13
2016-03-30,2016,13
2016-03-31,2016,13
2016-04-01,2016,13
2016-04-02,2016,13
2016-04-03,2016,14
2016-04-04,2016,14
2016-04-05,2016,14
2016-04-06,2016,14
2016-04-07,2016,14
2016-04-08,2016,14
2016-04-09,2016,14
2016-04-10,2016,15
2016-04-11,2016,15
2016-04-12,2016,15
2016-04-13,2016,15
2016-04-14,2016,15
2016-04-15,2016,15
2016-04-16,2016,15
2016-04-17,2016,16
2016-04-18,2016,16
2016-04-19,2016,16
2016-04-20,2016,16
2016-04-21,2016,16
2016-04-22,2016,16
2016-04-23,2016,16
2016-04-24,2016,17
2016-04-25,2016,17
2016-04-26,2016,17
2016-04-27,2016,17
2016-04-28,2016,17
2016-04-29,2016,17
2016-04-30,2016,17
2016-05-01,2016,18
2016-05-02,2016,18
2016-05-03,2016,18
2016-05-04,2016,18
2016-05-05,2016,18
2016-05-06,2016,18
2016-05-07,2016,18
2016-05-08,2016,19
2016-05-09,2016,19
2016-05-10,2016,19
2016-05-11,2016,19
2016-05-12,2016,19
2016-05-13,2016,19
2016-05-14,2016,19
2016-05-15,2016,20
2016-05-16,2016,20
2016-05-17,2016,20
2016-05-18,2016,20
2016-05-19,2016,20
2016-05-20,2016,20
2016-05-21,2016,20
2016-05-22,2016,21
2016-05-23,2016,21
2016-05-24,2016,21
2016-05-25,2016,21
2016-05-26,2016,21
2016-05-27,2016,21
2016-05-28,2016,21
2016-05-29,2016,22
2016-05-30,2016,22
2016-05-31,2016,22
2016-06-01,2016,22
2016-06-02,2016,22
2016-06-03,2016,22
2016-06-04,2016,22
2016-06-05,2016,23
2016-06-06,2016,23
2016-06-07,2016,23
2016-06-08,2016,23
2016-06-09,2016,23
2016-06-10,2016,23
2016-06-11,2016,23
2016-06-12,2016,24
2016-06-13,2016,24
2016-06-14,2016,24
2016-06-15,2016,24
2016-06-16,2016,24
2016-06-17,2016,24
2016-06-18,2016,24
2016-06-19,2016,25
2016-06-20,2016,25
2016-06-21,2016,25
2016-06-22,2016,25
2016-06-23,2016,25
2016-06-24,2016,25
2016-06-25,2016,25
2016-06-26,2016,26
2016-06-27,2016,26
2016-06-28,2016,26
2016-06-29,2016,26
2016-06-30,2016,26
2016-07-01,2016,26
2016-07-02,2016,26
2016-07-03,2016,27
2016-07-04,2016,27
2016-07-05,2016,27
2016-07-06,2016,27
2016-07-07,2016,27
2016-07-08,2016,27
2016-07-09,2016,27
2016-07-10,2016,28
2016-07-11,2016,28
2016-07-12,2016,28
2016-07-13,2016,28
2016-07-14,2016,28
2016-07-15,2016,28
2016-07-16,2016,28
2016-07-17,2016,29
2016-07-18,2016,29
2016-07-19,2016,29
2016-07-20,2016,29
2016-07-21,2016,29
2016-07-22,2016,29
2016-07-23,2016,29
2016-07-24,2016,30
2016-07-25,2016,30
2016-07-26,2016,30
2016-07-27,2016,30
2016-07-28,2016,30
2016-07-29,2016,30
2016-07-30,2016,30
2016-07-31,2016,31
2016-08-01,2016,31
2016-08-02,2016,31
2016-08-03,2016,31
2016-08-04,2016,31
2016-08-05,2016,31
2016-08-06,2016,31
2016-08-07,2016,32
2016-08-08,2016,32
2016-08-09,2016,32
2016-08-10,2016,32
2016-08-11,2016,32
2016-08-12,2016,32
2016-08-13,2016,32
2016-08-14,2016,33
2016-08-15,2016,33
2016-08-16,2016,33
2016-08-17,2016,33
2016-08-18,2016,33
2016-08-19,2016,33
2016-08-20,2016,33
2016-08-21,2016,34
2016-08-22,2016,34
2016-08-23,2016,34
2016-08-24,2016,34
2016-08-25,2016,34
2016-08-26,2016,34
2016-08-27,2016,34
2016-08-28,2016,35
2016-08-29,2016,35
2016-08-30,2016,35
2016-08-31,2016,35
2016-09-01,2016,35
2016-09-02,2016,35
2016-09-03,2016,35
2016-09-04,2016,36
2016-09-05,2016,36
2016-09-06,2016,36
2016-09-07,2016,36
2016-09-08,2016,36
2016-09-09,2016,36
2016-09-10,2016,36
2016-09-11,2016,37
2016-09-12,2016,37
2016-09-13,2016,37
2016-09-14,2016,37
2016-09-15,2016,37
2016-09-16,2016,37
2016-09-17,2016,37
2016-09-18,2016,38
2016-09-19,2016,38
2016-09-20,2016,38
2016-09-21,2016,38
2016-09-22,2016,38
2016-09-23,2016,38
2016-09-24,2016,38
2016-09-25,2016,39
2016-09-26,2016,39
2016-09-27,2016,39
2016-09-28,2016,39
2016-09-29,2016,39
2016-09-30,2016,39
2016-10-01,2016,39
2016-10-02,2016,40
2016-10-03,2016,40
2016-10-04,2016,40
2016-10-05,2016,40
2016-10-06,2016,40
2016-10-07,2016,40
2016-10-08,2016,40
2016-10-09,2016,41
2016-10-10,2016,41
2016-10-11,2016,41
2016-10-12,2016,41
2016-10-13,2016,41
2016-10-14,2016,41
2016-10-15,2016,41
2016-10-16,2016,42
2016-10-17,2016,42
2016-10-18,2016,42
2016-10-19,2016,42
2016-10-20,2016,42
2016-10-21,2016,42
2016-10-22,2016,42
2016-10-23,2016,43
2016-10-24,2016,43
2016-10-25,2016,43
2016-10-26,2016,43
2016-10-27,2016,43
2016-10-28,2016,43
2016-10-29,2016,43
2016-10-30,2016,44
2016-10-31,2016,44
2016-11-01,2016,44
2016-11-02,2016,44
2016-11-03,2016,44
2016-11-04,2016,44
2016-11-05,2016,44
2016-11-06,2016,45
2016-11-07,2016,45
2016-11-08,2016,45
2016-11-09,2016,45
2016-11-10,2016,45
2016-11-11,2016,45
2016-11-12,2016,45
2016-11-13,2016,46
2016-11-14,2016,46
2016-11-15,2016,46
2016-11-16,2016,46
2016-11-17,2016,46
2016-11-18,2016,46
2016-11-19,2016,46
2016-11-20,2016,47
2016-11-21,2016,47
2016-11-22,2016,47
2016-11-23,2016,47
2016-11-24,2016,47
2016-11-25,2016,47
2016-11-26,2016,47
2016-11-27,2016,48
2016-11-28,2016,48
2016-11-29,2016,48
2016-11-30,2016,48
2016-12-01,2016,48
2016-12-02,2016,48
2016-12-03,2016,48
2016-12-04,2016,49
2016-12-05,2016,49
2016-12-06,2016,49
2016-12-07,2016,49
2016-12-08,2016,49
2016-12-09,2016,49
2016-12-10,2016,49
2016-12-11,2016,50
2016-12-12,2016,50
2016-12-13,2016,50
2016-12-14,2016,50
2016-12-15,2016,50
2016-12-16,2016,50
2016-12-17,2016,50
2016-12-18,2016,51
2016-12-19,2016,51
2016-12-20,2016,51
2016-12-21,2016,51
2016-12-22,2016,51
2016-12-23,2016,51
2016-12-24,2016,51
2016-12-25,2016,52
2016-12-26,2016,52
2016-12-27,2016,52
2016-12-28,2016,52
2016-12-29,2016,52
2016-12-30,2016,52
2016-12-31,2016,52
2017-01-01,2017,1
2017-01-02,2017,1
2017-01-03,2017,1
2017-01-04,2017,1
2017-01-05,2017,1
2017-01-06,2017,1
2017-01-07,2017,1
2017-01-08,2017,2
2017-01-09,2017,2
2017-01-10,2017,2
2017-01-11,2017,2
2017-01-12,2017,2
2017-01-13,2017,2
2017-01-14,2017,2
2017-01-15,2017,3
2017-01-16,2017,3
2017-01-17,2017,3
2017-01-18,2017,3
2017-01-19,2017,3
2017-01-20,2017,3
2017-01-21,2017,3
2017-01-22,2017,4
2017-01-23,2017,4
2017-01-24,2017,4
2017-01-25,2017,4
2017-01-26,2017,4
2017-01-27,2017,4
2017-01-28,2017,4
2017-01-29,2017,5
2017-01-30,2017,5
2017-01-31,2017,5
2017-02-01,2017,5
2017-02-02,2017,5
2017-02-03,2017,5
2017-02-04,2017,5
2017-02-05,2017,6
2017-02-06,2017,6
2017-02-07,2017,6
2017-02-08,2017,6
2017-02-09,2017,6
2017-02-10,2017,6
2017-02-11,2017,6
2017-02-12,2017,7
2017-02-13,2017,7
2017-02-14,2017,7
2017-02-15,2017,7
2017-02-16,2017,7
2017-02-17,2017,7
2017-02-18,2017,7
2017-02-19,2017,8
2017-02-20,2017,8
2017-02-21,2017,8
2017-02-22,2017,8
2017-02-23,2017,8
2017-02-24,2017,8
2017-02-25,2017,8
2017-02-26,2017,9
2017-02-27,2017,9
2017-02-28,2017,9
2017-03-01,2017,9
2017-03-02,2017,9
2017-03-03,2017,9
2017-03-04,2017,9
2017-03-05,2017,10
2017-03-06,2017,10
2017-03-07,2017,10
2017-03-08,2017,10
2017-03-09,2017,10
2017-03-10,2017,10
2017-03-11,2017,10
2017-03-12,2017,11
2017-03-13,2017,11
2017-03-14,2017,11
2017-03-15,2017,11
2017-03-16,2017,11
2017-03-17,2017,11
2017-03-18,2017,11
2017-03-19,2017,12
2017-03-20,2017,12
2017-03-21,2017,12
2017-03-22,2017,12
2017-03-23,2017,12
2017-03-24,2017,12
2017-03-25,2017,12
2017-03-26,2017,13
2017-03-27,2017,13
2017-03-28,2017,13
2017-03-29,2017,13
2017-03-30,2017,13
2017-03-31,2017,13
2017-04-01,2017,13
2017-04-02,2017,14
2017-04-03,2017,14
2017-04-04,2017,14
2017-04-05,2017,14
2017-04-06,2017,14
2017-04-07,2017,14
2017-04-08,2017,14
2017-04-09,2017,15
2017-04-10,2017,15
2017-04-11,2017,15
2017-04-12,2017,15
2017-04-13,2017,15
2017-04-14,2017,15
2017-04-15,2017,15
2017-04-16,2017,16
2017-04-17,2017,16
2017-04-18,2017,16
2017-04-19,2017,16
2017-04-20,2017,16
2017-04-21,2017,16
2017-04-22,2017,16
2017-04-23,2017,17
2017-04-24,2017,17
2017-04-25,2017,17
2017-04-26,2017,17
2017-04-27,2017,17
2017-04-28,2017,17
2017-04-29,2017,17
2017-04-30,2017,18
2017-05-01,2017,18
2017-05-02,2017,18
2017-05-03,2017,18
2017-05-04,2017,18
2017-05-05,2017,18
2017-05-06,2017,18
2017-05-07,2017,19
2017-05-08,2017,19
2017-05-09,2017,19
2017-05-10,2017,19
2017-05-11,2017,19
2017-05-12,2017,19
2017-05-13,2017,19
2017-05-14,2017,20
2017-05-15,2017,20
2017-05-16,2017,20
2017-05-17,2017,20
2017-05-18,2017,20
2017-05-19,2017,20
2017-05-20,2017,20
2017-05-21,2017,21
2017-05-22,2017,21
2017-05-23,2017,21
2017-05-24,2017,21
2017-05-25,2017,21
2017-05-26,2017,21
2017-05-27,2017,21
2017-05-28,2017,22
2017-05-29,2017,22
2017-05-30,2017,22
2017-05-31,2017,22
2017-06-01,2017,22
2017-06-02,2017,22
2017-06-03,2017,22
2017-06-04,2017,23
2017-06-05,2017,23
2017-06-06,2017,23
2017-06-07,2017,23
2017-06-08,2017,23
2017-06-09,2017,23
2017-06-10,2017,23
2017-06-11,2017,24
2017-06-12,2017,24
2017-06-13,2017,24
2017-06-14,2017,24
2017-06-15,2017,24
2017-06-16,2017,24
2017-06-17,2017,24
2017-06-18,2017,25
2017-06-19,2017,25
2017-06-20,2017,25
2017-06-21,2017,25
2017-06-22,2017,25
2017-06-23,2017,25
2017-06-24,2017,25
2017-06-25,2017,26
2017-06-26,2017,26
2017-06-27,2017,26
2017-06-28,2017,26
2017-06-29,2017,26
2017-06-30,2017,26
2017-07-01,2017,26
2017-07-02,2017,27
2017-07-03,2017,27
2017-07-04,2017,27
2017-07-05,2017,27
2017-07-06,2017,27
2017-07-07,2017,27
2017-07-08,2017,27
2017-07-09,2017,28
2017-07-10,2017,28
2017-07-11,2017,28
2017-07-12,2017,28
2017-07-13,2017,28
2017-07-14,2017,28
2017-07-15,2017,28
2017-07-16,2017,29
2017-07-17,2017,29
2017-07-18,2017,29
2017-07-19,2017,29
2017-07-20,2017,29
2017-07-21,2017,29
2017-07-22,2017,29
2017-07-23,2017,30
2017-07-24,2017,30
2017-07-25,2017,30
2017-07-26,2017,30
2017-07-27,2017,30
2017-07-28,2017,30
2017-07-29,2017,30
2017-07-30,2017,31
2017-07-31,2017,31
2017-08-01,2017,31
2017-08-02,2017,31
2017-08-03,2017,31
2017-08-04,2017,31
2017-08-05,2017,31
2017-08-06,2017,32
2017-08-07,2017,32
2017-08-08,2017,32
2017-08-09,2017,32
2017-08-10,2017,32
2017-08-11,2017,32
2017-08-12,2017,32
2017-08-13,2017,33
2017-08-14,2017,33
2017-08-15,2017,33
2017-08-16,2017,33
2017-08-17,2017,33
2017-08-18,2017,33
2017-08-19,2017,33
2017-08-20,2017,34
2017-08-21,2017,34
2017-08-22,2017,34
2017-08-23,2017,34
2017-08-24,2017,34
2017-08-25,2017,34
2017-08-26,2017,34
2017-08-27,2017,35
2017-08-28,2017,35
2017-08-29,2017,35
2017-08-30,2017,35
2017-08-31,2017,35
2017-09-01,2017,35
2017-09-02,2017,35
2017-09-03,2017,36
2017-09-04,2017,36
2017-09-05,2017,36
2017-09-06,2017,36
2017-09-07,2017,36
2017-09-08,2017,36
2017-09-09,2017,36
2017-09-10,2017,37
2017-09-11,2017,37
2017-09-12,2017,37
2017-09-13,2017,37
2017-09-14,2017,37
2017-09-15,2017,37
2017-09-16,2017,37
2017-09-17,2017,38
2017-09-18,2017,38
2017-09-19,2017,38
2017-09-20,2017,38
2017-09-21,2017,38
2017-09-22,2017,38
2017-09-23,2017,38
2017-09-24,2017,39
2017-09-25,2017,39
2017-09-26,2017,39
2017-09-27,2017,39
2017-09-28,2017,39
2017-09-29,2017,39
2017-09-30,2017,39
2017-10-01,2017,40
2017-10-02,2017,40
2017-10-03,2017,40
2017-10-04,2017,40
2017-10-05,2017,40
2017-10-06,2017,40
2017-10-07,2017,40
2017-10-08,2017,41
2017-10-09,2017,41
2017-10-10,2017,41
2017-10-11,2017,41
2017-10-12,2017,41
2017-10-13,2017,41
2017-10-14,2017,41
2017-10-15,2017,42
2017-10-16,2017,42
2017-10-17,2017,42
2017-10-18,2017,42
2017-10-19,2017,42
2017-10-20,2017,42
2017-10-21,2017,42
2017-10-22,2017,43
2017-10-23,2017,43
2017-10-24,2017,43
2017-10-25,2017,43
2017-10-26,2017,43
2017-10-27,2017,43
2017-10-28,2017,43
2017-10-29,2017,44
2017-10-30,2017,44
2017-10-31,2017,44
2017-11-01,2017,44
2017-11-02,2017,44
2017-11-03,2017,44
2017-11-04,2017,44
2017-11-05,2017,45
2017-11-06,2017,45
2017-11-07,2017,45
2017-11-08,2017,45
2017-11-09,2017,45
2017-11-10,2017,45
2017-11-11,2017,45
2017-11-12,2017,46
2017-11-13,2017,46
2017-11-14,2017,46
2017-11-15,2017,46
2017-11-16,2017,46
2017-11-17,2017,46
2017-11-18,2017,46
2017-11-19,2017,47
2017-11-20,2017,47
2017-11-21,2017,47
2017-11-22,2017,47
2017-11-23,2017,47
2017-11-24,2017,47
2017-11-25,2017,47
2017-11-26,2017,48
2017-11-27,2017,48
2017-11-28,2017,48
2017-11-29,2017,48
2017-11-30,2017,48
2017-12-01,2017,48
2017-12-02,2017,48
2017-12-03,2017,49
2017-12-04,2017,49
2017-12-05,2017,49
2017-12-06,2017,49
2017-12-07,2017,49
2017-12-08,2017,49
2017-12-09,2017,49
2017-12-10,2017,50
2017-12-11,2017,50
2017-12-12,2017,50
2017-12-13,2017,50
2017-12-14,2017,50
2017-12-15,2017,50
2017-12-16,2017,50
2017-12-17,2017,51
2017-12-18,2017,51
2017-12-19,2017,51
2017-12-20,2017,51
2017-12-21,2017,51
2017-12-22,2017,51
2017-12-23,2017,51
2017-12-24,2017,52
2017-12-25,2017,52
2017-12-26,2017,52
2017-12-27,2017,52
2017-12-28,2017,52
2017-12-29,2017,52
2017-12-30,2017,52
2017-12-31,2018,1
2018-01-01,2018,1
2018-01-02,2018,1
2018-01-03,2018,1
2018-01-04,2018,1
2018-01-05,2018,1
2018-01-06,2018,1
2018-01-07,2018,2
2018-01-08,2018,2
2018-01-09,2018,2
2018-01-10,2018,2
2018-01-11,2018,2
2018-01-12,2018,2
2018-01-13,2018,2
2018-01-14,2018,3
2018-01-15,2018,3
2018-01-16,2018,3
2018-01-17,2018,3
2018-01-18,2018,3
2018-01-19,2018,3
2018-01-20,2018,3
2018-01-21,2018,4
2018-01-22,2018,4
2018-01-23,2018,4
2018-01-24,2018,4
2018-01-25,2018,4
2018-01-26,2018,4
2018-01-27,2018,4
2018-01-28,2018,5
2018-01-29,2018,5
2018-01-30,2018,5
2018-01-31,2018,5
2018-02-01,2018,5
2018-02-02,2018,5
2018-02-03,2018,5
2018-02-04,2018,6
2018-02-05,2018,6
2018-02-06,2018,6
2018-02-07,2018,6
2018-02-08,2018,6
2018-02-09,2018,6
2018-02-10,2018,6
2018-02-11,2018,7
2018-02-12,2018,7
2018-02-13,2018,7
2018-02-14,2018,7
2018-02-15,2018,7
2018-02-16,2018,7
2018-02-17,2018,7
2018-02-18,2018,8
2018-02-19,2018,8
2018-02-20,2018,8
2018-02-21,2018,8
2018-02-22,2018,8
2018-02-23,2018,8
2018-02-24,2018,8
2018-02-25,2018,9
2018-02-26,2018,9
2018-02-27,2018,9
2018-02-28,2018,9
2018-03-01,2018,9
2018-03-02,2018,9
2018-03-03,2018,9
2018-03-04,2018,10
2018-03-05,2018,10
2018-03-06,2018,10
2018-03-07,2018,10
2018-03-08,2018,10
2018-03-09,2018,10
2018-03-10,2018,10
2018-03-11,2018,11
2018-03-12,2018,11
2018-03-13,2018,11
2018-03-14,2018,11
2018-03-15,2018,11
2018-03-16,2018,11
2018-03-17,2018,11
2018-03-18,2018,12
2018-03-19,2018,12
2018-03-20,2018,12
2018-03-21,2018,12
2018-03-22,2018,12
2018-03-23,2018,12
2018-03-24,2018,12
2018-03-25,2018,13
2018-03-26,2018,13
2018-03-27,2018,13
2018-03-28,2018,13
2018-03-29,2018,13
2018-03-30,2018,13
2018-03-31,2018,13
2018-04-01,2018,14
2018-04-02,2018,14
2018-04-03,2018,14
2018-04-04,2018,14
2018-04-05,2018,14
2018-04-06,2018,14
2018-04-07,2018,14
2018-04-08,2018,15
2018-04-09,2018,15
2018-04-10,2018,15
2018-04-11,2018,15
2018-04-12,2018,15
2018-04-13,2018,15
2018-04-14,2018,15
2018-04-15,2018,16
2018-04-16,2018,16
2018-04-17,2018,16
2018-04-18,2018,16
2018-04-19,2018,16
2018-04-20,2018,16
2018-04-21,2018,16
2018-04-22,2018,17
2018-04-23,2018,17
2018-04-24,2018,17
2018-04-25,2018,17
2018-04-26,2018,17
2018-04-27,2018,17
2018-04-28,2018,17
2018-04-29,2018,18
2018-04-30,2018,18
2018-05-01,2018,18
2018-05-02,2018,18
2018-05-03,2018,18
2018-05-04,2018,18
2018-05-05,2018,18
2018-05-06,2018,19
2018-05-07,2018,19
2018-05-08,2018,19
2018-05-09,2018,19
2018-05-10,2018,19
2018-05-11,2018,19
2018-05-12,2018,19
2018-05-13,2018,20
2018-05-14,2018,20
2018-05-15,2018,20
2018-05-16,2018,20
2018-05-17,2018,20
2018-05-18,2018,20
2018-05-19,2018,20
2018-05-20,2018,21
2018-05-21,2018,21
2018-05-22,2018,21
2018-05-23,2018,21
2018-05-24,2018,21
2018-05-25,2018,21
2018-05-26,2018,21
2018-05-27,2018,22
2018-05-28,2018,22
2018-05-29,2018,22
2018-05-30,2018,22
2018-05-31,2018,22
2018-06-01,2018,22
2018-06-02,2018,22
2018-06-03,2018,23
2018-06-04,2018,23
2018-06-05,2018,23
2018-06-06,2018,23
2018-06-07,2018,23
2018-06-08,2018,23
2018-06-09,2018,23
2018-06-10,2018,24
2018-06-11,2018,24
2018-06-12,2018,24
2018-06-13,2018,24
2018-06-14,2018,24
2018-06-15,2018,24
2018-06-16,2018,24
2018-06-17,2018,25
2018-06-18,2018,25
2018-06-19,2018,25
2018-06-20,2018,25
2018-06-21,2018,25
2018-06-22,2018,25
2018-06-23,2018,25
2018-06-24,2018,26
2018-06-25,2018,26
2018-06-26,2018,26
2018-06-27,2018,26
2018-06-28,2018,26
2018-06-29,2018,26
2018-06-30,2018,26
2018-07-01,2018,27
2018-07-02,2018,27
2018-07-03,2018,27
2018-07-04,2018,27
2018-07-05,2018,27
2018-07-06,2018,27
2018-07-07,2018,27
2018-07-08,2018,28
2018-07-09,2018,28
2018-07-10,2018,28
2018-07-11,2018,28
2018-07-12,2018,28
2018-07-13,2018,28
2018-07-14,2018,28
2018-07-15,2018,29
2018-07-16,2018,29
2018-07-17,2018,29
2018-07-18,2018,29
2018-07-19,2018,29
2018-07-20,2018,29
2018-07-21,2018,29
2018-07-22,2018,30
2018-07-23,2018,30
2018-07-24,2018,30
2018-07-25,2018,30
2018-07-26,2018,30
2018-07-27,2018,30
2018-07-28,2018,30
2018-07-29,2018,31
2018-07-30,2018,31
2018-07-31,2018,31
2018-08-01,2018,31
2018-08-02,2018,31
2018-08-03,2018,31
2018-08-04,2018,31
2018-08-05,2018,32
2018-08-06,2018,32
2018-08-07,2018,32
2018-08-08,2018,32
2018-08-09,2018,32
2018-08-10,2018,32
2018-08-11,2018,32
2018-08-12,2018,33
2018-08-13,2018,33
2018-08-14,2018,33
2018-08-15,2018,33
2018-08-16,2018,33
2018-08-17,2018,33
2018-08-18,2018,33
2018-08-19,2018,34
2018-08-20,2018,34
2018-08-21,2018,34
2018-08-22,2018,34
2018-08-23,2018,34
2018-08-24,2018,34
2018-08-25,2018,34
2018-08-26,2018,35
2018-08-27,2018,35
2018-08-28,2018,35
2018-08-29,2018,35
2018-08-30,2018,35
2018-08-31,2018,35
2018-09-01,2018,35
2018-09-02,2018,36
2018-09-03,2018,36
2018-09-04,2018,36
2018-09-05,2018,36
2018-09-06,2018,36
2018-09-07,2018,36
2018-09-08,2018,36
2018-09-09,2018,37
2018-09-10,2018,37
2018-09-11,2018,37
2018-09-12,2018,37
2018-09-13,2018,37
2018-09-14,2018,37
2018-09-15,2018,37
2018-09-16,2018,38
2018-09-17,2018,38
2018-09-18,2018,38
2018-09-19,2018,38
2018-09-20,2018,38
2018-09-21,2018,38
2018-09-22,2018,38
2018-09-23,2018,39
2018-09-24,2018,39
2018-09-25,2018,39
2018-09-26,2018,39
2018-09-27,2018,39
2018-09-28,2018,39
2018-09-29,2018,39
2018-09-30,2018,40
2018-10-01,2018,40
2018-10-02,2018,40
2018-10-03,2018,40
2018-10-04,2018,40
2018-10-05,2018,40
2018-10-06,2018,40
2018-10-07,2018,41
2018-10-08,2018,41
2018-10-09,2018,41
2018-10-10,2018,41
2018-10-11,2018,41
2018-10-12,2018,41
2018-10-13,2018,41
2018-10-14,2018,42
2018-10-15,2018,42
2018-10-16,2018,42
2018-10-17,2018,42
2018-10-18,2018,42
2018-10-19,2018,42
2018-10-20,2018,42
2018-10-21,2018,43
2018-10-22,2018,43
2018-10-23,2018,43
2018-10-24,2018,43
2018-10-25,2018,43
2018-10-26,2018,43
2018-10-27,2018,43
2018-10-28,2018,44
2018-10-29,2018,44
2018-10-30,2018,44
2018-10-31,2018,44
2018-11-01,2018,44
2018-11-02,2018,44
2018-11-03,2018,44
2018-11-04,2018,45
2018-11-05,2018,45
2018-11-06,2018,45
2018-11-07,2018,45
2018-11-08,2018,45
2018-11-09,2018,45
2018-11-10,2018,45
2018-11-11,2018,46
2018-11-12,2018,46
2018-11-13,2018,46
2018-11-14,2018,46
2018-11-15,2018,46
2018-11-16,2018,46
2018-11-17,2018,46
2018-11-18,2018,47
2018-11-19,2018,47
2018-11-20,2018,47
2018-11-21,2018,47
2018-11-22,2018,47
2018-11-23,2018,47
2018-11-24,2018,47
2018-11-25,2018,48
2018-11-26,2018,48
2018-11-27,2018,48
2018-11-28,2018,48
2018-11-29,2018,48
2018-11-30,2018,48
2018-12-01,2018,48
2018-12-02,2018,49
2018-12-03,2018,49
2018-12-04,2018,49
2018-12-05,2018,49
2018-12-06,2018,49
2018-12-07,2018,49
2018-12-08,2018,49
2018-12-09,2018,50
2018-12-10,2018,50
2018-12-11,2018,50
2018-12-12,2018,50
2018-12-13,2018,50
2018-12-14,2018,50
2018-12-15,2018,50
2018-12-16,2018,51
2018-12-17,2018,51
2018-12-18,2018,51
2018-12-19,2018,51
2018-12-20,2018,51
2018-12-21,2018,51
2018-12-22,2018,51
2018-12-23,2018,52
2018-12-24,2018,52
2018-12-25,2018,52
2018-12-26,2018,52
2018-12-27,2018,52
2018-12-28,2018,52
2018-12-29,2018,52
2018-12-30,2019,1
2018-12-31,2019,1
2019-01-01,2019,1
2019-01-02,2019,1
2019-01-03,2019,1
2019-01-04,2019,1
2019-01-05,2019,1
2019-01-06,2019,2
2019-01-07,2019,2
2019-01-08,2019,2
2019-01-09,2019,2
2019-01-10,2019,2
2019-01-11,2019,2
2019-01-12,2019,2
2019-01-13,2019,3
2019-01-14,2019,3
2019-01-15,2019,3
2019-01-16,2019,3
2019-01-17,2019,3
2019-01-18,2019,3
2019-01-19,2019,3
2019-01-20,2019,4
2019-01-21,2019,4
2019-01-22,2019,4
2019-01-23,2019,4
2019-01-24,2019,4
2019-01-25,2019,4
2019-01-26,2019,4
2019-01-27,2019,5
2019-01-28,2019,5
2019-01-29,2019,5
2019-01-30,2019,5
2019-01-31,2019,5
2019-02-01,2019,5
2019-02-02,2019,5
2019-02-03,2019,6
2019-02-04,2019,6
2019-02-05,2019,6
2019-02-06,2019,6
2019-02-07,2019,6
2019-02-08,2019,6
2019-02-09,2019,6
2019-02-10,2019,7
2019-02-11,2019,7
2019-02-12,2019,7
2019-02-13,2019,7
2019-02-14,2019,7
2019-02-15,2019,7
2019-02-16,2019,7
2019-02-17,2019,8
2019-02-18,2019,8
2019-02-19,2019,8
2019-02-20,2019,8
2019-02-21,2019,8
2019-02-22,2019,8
2019-02-23,2019,8
2019-02-24,2019,9
2019-02-25,2019,9
2019-02-26,2019,9
2019-02-27,2019,9
2019-02-28,2019,9
2019-03-01,2019,9
2019-03-02,2019,9
2019-03-03,2019,10
2019-03-04,2019,10
2019-03-05,2019,10
2019-03-06,2019,10
2019-03-07,2019,10
2019-03-08,2019,10
2019-03-09,2019,10
2019-03-10,2019,11
2019-03-11,2019,11
2019-03-12,2019,11
2019-03-13,2019,11
2019-03-14,2019,11
2019-03-15,2019,11
2019-03-16,2019,11
2019-03-17,2019,12
2019-03-18,2019,12
2019-03-19,2019,12
2019-03-20,2019,12
2019-03-21,2019,12
2019-03-22,2019,12
2019-03-23,2019,12
2019-03-24,2019,13
2019-03-25,2019,13
2019-03-26,2019,13
2019-03-27,2019,13
2019-03-28,2019,13
2019-03-29,2019,13
2019-03-30,2019,13
2019-03-31,2019,14
2019-04-01,2019,14
2019-04-02,2019,14
2019-04-03,2019,14
2019-04-04,2019,14
2019-04-05,2019,14
2019-04-06,2019,14
2019-04-07,2019,15
2019-04-08,2019,15
2019-04-09,2019,15
2019-04-10,2019,15
2019-04-11,2019,15
2019-04-12,2019,15
2019-04-13,2019,15
2019-04-14,2019,16
2019-04-15,2019,16
2019-04-16,2019,16
2019-04-17,2019,16
2019-04-18,2019,16
2019-04-19,2019,16
2019-04-20,2019,16
2019-04-21,2019,17
2019-04-22,2019,17
2019-04-23,2019,17
2019-04-24,2019,17
2019-04-25,2019,17
2019-04-26,2019,17
2019-04-27,2019,17
2019-04-28,2019,18
2019-04-29,2019,18
2019-04-30,2019,18
2019-05-01,2019,18
2019-05-02,2019,18
2019-05-03,2019,18
2019-05-04,2019,18
2019-05-05,2019,19
2019-05-06,2019,19
2019-05-07,2019,19
2019-05-08,2019,19
2019-05-09,2019,19
2019-05-10,2019,19
2019-05-11,2019,19
2019-05-12,2019,20
2019-05-13,2019,20
2019-05-14,2019,20
2019-05-15,2019,20
2019-05-16,2019,20
2019-05-17,2019,20
2019-05-18,2019,20
2019-05-19,2019,21
2019-05-20,2019,21
2019-05-21,2019,21
2019-05-22,2019,21
2019-05-23,2019,21
2019-05-24,2019,21
2019-05-25,2019,21
2019-05-26,2019,22
2019-05-27,2019,22
2019-05-28,2019,22
2019-05-29,2019,22
2019-05-30,2019,22
2019-05-31,2019,22
2019-06-01,2019,22
2019-06-02,2019,23
2019-06-03,2019,23
2019-06-04,2019,23
2019-06-05,2019,23
2019-06-06,2019,23
2019-06-07,2019,23
2019-06-08,2019,23
2019-06-09,2019,24
2019-06-10,2019,24
2019-06-11,2019,24
2019-06-12,2019,24
2019-06-13,2019,24
2019-06-14,2019,24
2019-06-15,2019,24
2019-06-16,2019,25
2019-06-17,2019,25
2019-06-18,2019,25
2019-06-19,2019,25
2019-06-20,2019,25
2019-06-21,2019,25
2019-06-22,2019,25
2019-06-23,2019,26
2019-06-24,2019,26
2019-06-25,2019,26
2019-06-26,2019,26
2019-06-27,2019,26
2019-06-28,2019,26
2019-06-29,2019,26
2019-06-30,2019,27
2019-07-01,2019,27
2019-07-02,2019,27
2019-07-03,2019,27
2019-07-04,2019,27
2019-07-05,2019,27
2019-07-06,2019,27
2019-07-07,2019,28
2019-07-08,2019,28
2019-07-09,2019,28
2019-07-10,2019,28
2019-07-11,2019,28
2019-07-12,2019,28
2019-07-13,2019,28
2019-07-14,2019,29
2019-07-15,2019,29
2019-07-16,2019,29
2019-07-17,2019,29
2019-07-18,2019,29
2019-07-19,2019,29
2019-07-20,2019,29
2019-07-21,2019,30
2019-07-22,2019,30
2019-07-23,2019,30
2019-07-24,2019,30
2019-07-25,2019,30
2019-07-26,2019,30
2019-07-27,2019,30
2019-07-28,2019,31
2019-07-29,2019,31
2019-07-30,2019,31
2019-07-31,2019,31
2019-08-01,2019,31
2019-08-02,2019,31
2019-08-03,2019,31
2019-08-04,2019,32
2019-08-05,2019,32
2019-08-06,2019,32
2019-08-07,2019,32
2019-08-08,2019,32
2019-08-09,2019,32
2019-08-10,2019,32
2019-08-11,2019,33
2019-08-12,2019,33
2019-08-13,2019,33
2019-08-14,2019,33
2019-08-15,2019,33
2019-08-16,2019,33
2019-08-17,2019,33
2019-08-18,2019,34
2019-08-19,2019,34
2019-08-20,2019,34
2019-08-21,2019,34
2019-08-22,2019,34
2019-08-23,2019,34
2019-08-24,2019,34
2019-08-25,2019,35
2019-08-26,2019,35
2019-08-27,2019,35
2019-08-28,2019,35
2019-08-29,2019,35
2019-08-30,2019,35
2019-08-31,2019,35
2019-09-01,2019,36
2019-09-02,2019,36
2019-09-03,2019,36
2019-09-04,2019,36
2019-09-05,2019,36
2019-09-06,2019,36
2019-09-07,2019,36
2019-09-08,2019,37
2019-09-09,2019,37
2019-09-10,2019,37
2019-09-11,2019,37
2019-09-12,2019,37
2019-09-13,2019,37
2019-09-14,2019,37
2019-09-15,2019,38
2019-09-16,2019,38
2019-09-17,2019,38
2019-09-18,2019,38
2019-09-19,2019,38
2019-09-20,2019,38
2019-09-21,2019,38
2019-09-22,2019,39
2019-09-23,2019,39
2019-09-24,2019,39
2019-09-25,2019,39
2019-09-26,2019,39
2019-09-27,2019,39
2019-09-28,2019,39
2019-09-29,2019,40
2019-09-30,2019,40
2019-10-01,2019,40
2019-10-02,2019,40
2019-10-03,2019,40
2019-10-04,2019,40
2019-10-05,2019,40
2019-10-06,2019,41
2019-10-07,2019,41
2019-10-08,2019,41
2019-10-09,2019,41
2019-10-10,2019,41
2019-10-11,2019,41
2019-10-12,2019,41
2019-10-13,2019,42
2019-10-14,2019,42
2019-10-15,2019,42
2019-10-16,2019,42
2019-10-17,2019,42
2019-10-18,2019,42
2019-10-19,2019,42
2019-10-20,2019,43
2019-10-21,2019,43
2019-10-22,2019,43
2019-10-23,2019,43
2019-10-24,2019,43
2019-10-25,2019,43
2019-10-26,2019,43
2019-10-27,2019,44
2019-10-28,2019,44
2019-10-29,2019,44
2019-10-30,2019,44
2019-10-31,2019,44
2019-11-01,2019,44
2019-11-02,2019,44
2019-11-03,2019,45
2019-11-04,2019,45
2019-11-05,2019,45
2019-11-06,2019,45
2019-11-07,2019,45
2019-11-08,2019,45
2019-11-09,2019,45
2019-11-10,2019,46
2019-11-11,2019,46
2019-11-12,2019,46
2019-11-13,2019,46
2019-11-14,2019,46
2019-11-15,2019,46
2019-11-16,2019,46
2019-11-17,2019,47
2019-11-18,2019,47
2019-11-19,2019,47
2019-11-20,2019,47
2019-11-21,2019,47
2019-11-22,2019,47
2019-11-23,2019,47
2019-11-24,2019,48
2019-11-25,2019,48
2019-11-26,2019,48
2019-11-27,2019,48
2019-11-28,2019,48
2019-11-29,2019,48
2019-11-30,2019,48
2019-12-01,2019,49
2019-12-02,2019,49
2019-12-03,2019,49
2019-12-04,2019,49
2019-12-05,2019,49
2019-12-06,2019,49
2019-12-07,2019,49
2019-12-08,2019,50
2019-12-09,2019,50
2019-12-10,2019,50
2019-12-11,2019,50
2019-12-12,2019,50
2019-12-13,2019,50
2019-12-14,2019,50
2019-12-15,2019,51
2019-12-16,2019,51
2019-12-17,2019,51
2019-12-18,2019,51
2019-12-19,2019,51
2019-12-20,2019,51
2019-12-21,2019,51
2019-12-22,2019,52
2019-12-23,2019,52
2019-12-24,2019,52
2019-12-25,2019,52
2019-12-26,2019,52
2019-12-27,2019,52
2019-12-28,2019,52
2019-12-29,2020,1
2019-12-30,2020,1
2019-12-31,2020,1
2020-01-01,2020,1
2020-01-02,2020,1
2020-01-03,2020,1
2020-01-04,2020,1
2020-01-05,2020,2
2020-01-06,2020,2
2020-01-07,2020,2
2020-01-08,2020,2
2020-01-09,2020,2
2020-01-10,2020,2
2020-01-11,2020,2
2020-01-12,2020,3
2020-01-13,2020,3
2020-01-14,2020,3
2020-01-15,2020,3
2020-01-16,2020,3
2020-01-17,2020,3
2020-01-18,2020,3
2020-01-19,2020,4
2020-01-20,2020,4
2020-01-21,2020,4
2020-01-22,2020,4
2020-01-23,2020,4
2020-01-24,2020,4
2020-01-25,2020,4
2020-01-26,2020,5
2020-01-27,2020,5
2020-01-28,2020,5
2020-01-29,2020,5
2020-01-30,2020,5
2020-01-31,2020,5
2020-02-01,2020,5
2020-02-02,2020,6
2020-02-03,2020,6
2020-02-04,2020,6
2020-02-05,2020,6
2020-02-06,2020,6
2020-02-07,2020,6
2020-02-08,2020,6
2020-02-09,2020,7
2020-02-10,2020,7
2020-02-11,2020,7
2020-02-12,2020,7
2020-02-13,2020,7
2020-02-14,2020,7
2020-02-15,2020,7
2020-02-16,2020,8
2020-02-17,2020,8
2020-02-18,2020,8
2020-02-19,2020,8
2020-02-20,2020,8
2020-02-21,2020,8
2020-02-22,2020,8
2020-02-23,2020,9
2020-02-24,2020,9
2020-02-25,2020,9
2020-02-26,2020,9
2020-02-27,2020,9
2020-02-28,2020,9
2020-02-29,2020,9
2020-03-01,2020,10
2020-03-02,2020,10
2020-03-03,2020,10
2020-03-04,2020,10
2020-03-05,2020,10
2020-03-06,2020,10
2020-03-07,2020,10
2020-03-08,2020,11
2020-03-09,2020,11
2020-03-10,2020,11
2020-03-11,2020,11
2020-03-12,2020,11
2020-03-13,2020,11
2020-03-14,2020,11
2020-03-15,2020,12
2020-03-16,2020,12
2020-03-17,2020,12
2020-03-18,2020,12
2020-03-19,2020,12
2020-03-20,2020,12
2020-03-21,2020,12
2020-03-22,2020,13
2020-03-23,2020,13
2020-03-24,2020,13
2020-03-25,2020,13
2020-03-26,2020,13
2020-03-27,2020,13
2020-03-28,2020,13
2020-03-29,2020,14
2020-03-30,2020,14
2020-03-31,2020,14
2020-04-01,2020,14
2020-04-02,2020,14
2020-04-03,2020,14
2020-04-04,2020,14
2020-04-05,2020,15
2020-04-06,2020,15
2020-04-07,2020,15
2020-04-08,2020,15
2020-04-09,2020,15
2020-04-10,2020,15
2020-04-11,2020,15
2020-04-12,2020,16
2020-04-13,2020,16
2020-04-14,2020,16
2020-04-15,2020,16
2020-04-16,2020,16
2020-04-17,2020,16
2020-04-18,2020,16
2020-04-19,2020,17
2020-04-20,2020,17
2020-04-21,2020,17
2020-04-22,2020,17
2020-04-23,2020,17
2020-04-24,2020,17
2020-04-25,2020,17
2020-04-26,2020,18
2020-04-27,2020,18
2020-04-28,2020,18
2020-04-29,2020,18
2020-04-30,2020,18
2020-05-01,2020,18
2020-05-02,2020,18
2020-05-03,2020,19
2020-05-04,2020,19
2020-05-05,2020,19
2020-05-06,2020,19
2020-05-07,2020,19
2020-05-08,2020,19
2020-05-09,2020,19
2020-05-10,2020,20
2020-05-11,2020,20
2020-05-12,2020,20
2020-05-13,2020,20
2020-05-14,2020,20
2020-05-15,2020,20
2020-05-16,2020,20
2020-05-17,2020,21
2020-05-18,2020,21
2020-05-19,2020,21
2020-05-20,2020,21
2020-05-21,2020,21
2020-05-22,2020,21
2020-05-23,2020,21
2020-05-24,2020,22
2020-05-25,2020,22
2020-05-26,2020,22
2020-05-27,2020,22
2020-05-28,2020,22
2020-05-29,2020,22
2020-05-30,2020,22
2020-05-31,2020,23
2020-06-01,2020,23
2020-06-02,2020,23
2020-06-03,2020,23
2020-06-04,2020,23
2020-06-05,2020,23
2020-06-06,2020,23
2020-06-07,2020,24
2020-06-08,2020,24
2020-06-09,2020,24
2020-06-10,2020,24
2020-06-11,2020,24
2020-06-12,2020,24
2020-06-13,2020,24
2020-06-14,2020,25
2020-06-15,2020,25
2020-06-16,2020,25
2020-06-17,2020,25
2020-06-18,2020,25
2020-06-19,2020,25
2020-06-20,2020,25
2020-06-21,2020,26
2020-06-22,2020,26
2020-06-23,2020,26
2020-06-24,2020,26
2020-06-25,2020,26
2020-06-26,2020,26
2020-06-27,2020,26
2020-06-28,2020,27
2020-06-29,2020,27
2020-06-30,2020,27
2020-07-01,2020,27
2020-07-02,2020,27
2020-07-03,2020,27
2020-07-04,2020,27
2020-07-05,2020,28
2020-07-06,2020,28
2020-07-07,2020,28
2020-07-08,2020,28
2020-07-09,2020,28
2020-07-10,2020,28
2020-07-11,2020,28
2020-07-12,2020,29
2020-07-13,2020,29
2020-07-14,2020,29
2020-07-15,2020,29
2020-07-16,2020,29
2020-07-17,2020,29
2020-07-18,2020,29
2020-07-19,2020,30
2020-07-20,2020,30
2020-07-21,2020,30
2020-07-22,2020,30
2020-07-23,2020,30
2020-07-24,2020,30
2020-07-25,2020,30
2020-07-26,2020,31
2020-07-27,2020,31
2020-07-28,2020,31
2020-07-29,2020,31
2020-07-30,2020,31
2020-07-31,2020,31
2020-08-01,2020,31
2020-08-02,2020,32
2020-08-03,2020,32
2020-08-04,2020,32
2020-08-05,2020,32
2020-08-06,2020,32
2020-08-07,2020,32
2020-08-08,2020,32
2020-08-09,2020,33
2020-08-10,2020,33
2020-08-11,2020,33
2020-08-12,2020,33
2020-08-13,2020,33
2020-08-14,2020,33
2020-08-15,2020,33
2020-08-16,2020,34
2020-08-17,2020,34
2020-08-18,2020,34
2020-08-19,2020,34
2020-08-20,2020,34
2020-08-21,2020,34
2020-08-22,2020,34
2020-08-23,2020,35
2020-08-24,2020,35
2020-08-25,2020,35
2020-08-26,2020,35
2020-08-27,2020,35
2020-08-28,2020,35
2020-08-29,2020,35
2020-08-30,2020,36
2020-08-31,2020,36
2020-09-01,2020,36
2020-09-02,2020,36
2020-09-03,2020,36
2020-09-04,2020,36
2020-09-05,2020,36
2020-09-06,2020,37
2020-09-07,2020,37
2020-09-08,2020,37
2020-09-09,2020,37
2020-09-10,2020,37
2020-09-11,2020,37
2020-09-12,2020,37
2020-09-13,2020,38
2020-09-14,2020,38
2020-09-15,2020,38
2020-09-16,2020,38
2020-09-17,2020,38
2020-09-18,2020,38
2020-09-19,2020,38
2020-09-20,2020,39
2020-09-21,2020,39
2020-09-22,2020,39
2020-09-23,2020,39
2020-09-24,2020,39
2020-09-25,2020,39
2020-09-26,2020,39
2020-09-27,2020,40
2020-09-28,2020,40
2020-09-29,2020,40
2020-09-30,2020,40
2020-10-01,2020,40
2020-10-02,2020,40
2020-10-03,2020,40
2020-10-04,2020,41
2020-10-05,2020,41
2020-10-06,2020,41
2020-10-07,2020,41
2020-10-08,2020,41
2020-10-09,2020,41
2020-10-10,2020,41
2020-10-11,2020,42
2020-10-12,2020,42
2020-10-13,2020,42
2020-10-14,2020,42
2020-10-15,2020,42
2020-10-16,2020,42
2020-10-17,2020,42
2020-10-18,2020,43
2020-10-19,2020,43
2020-10-20,2020,43
2020-10-21,2020,43
2020-10-22,2020,43
2020-10-23,2020,43
2020-10-24,2020,43
2020-10-25,2020,44
2020-10-26,2020,44
2020-10-27,2020,44
2020-10-28,2020,44
2020-10-29,2020,44
2020-10-30,2020,44
2020-10-31,2020,44
2020-11-01,2020,45
2020-11-02,2020,45
2020-11-03,2020,45
2020-11-04,2020,45
2020-11-05,2020,45
2020-11-06,2020,45
2020-11-07,2020,45
2020-11-08,2020,46
2020-11-09,2020,46
2020-11-10,2020,46
2020-11-11,2020,46
2020-11-12,2020,46
2020-11-13,2020,46
2020-11-14,2020,46
2020-11-15,2020,47
2020-11-16,2020,47
2020-11-17,2020,47
2020-11-18,2020,47
2020-11-19,2020,47
2020-11-20,2020,47
2020-11-21,2020,47
2020-11-22,2020,48
2020-11-23,2020,48
2020-11-24,2020,48
2020-11-25,2020,48
2020-11-26,2020,48
2020-11-27,2020,48
2020-11-28,2020,48
2020-11-29,2020,49
2020-11-30,2020,49
2020-12-01,2020,49
2020-12-02,2020,49
2020-12-03,2020,49
2020-12-04,2020,49
2020-12-05,2020,49
2020-12-06,2020,50
2020-12-07,2020,50
2020-12-08,2020,50
2020-12-09,2020,50
2020-12-10,2020,50
2020-12-11,2020,50
2020-12-12,2020,50
2020-12-13,2020,51
2020-12-14,2020,51
2020-12-15,2020,51
2020-12-16,2020,51
2020-12-17,2020,51
2020-12-18,2020,51
2020-12-19,2020,51
2020-12-20,2020,52
2020-12-21,2020,52
2020-12-22,2020,52
2020-12-23,2020,52
2020-12-24,2020,52
2020-12-25,2020,52
2020-12-26,2020,52
2020-12-27,2020,53
2020-12-28,2020,53
2020-12-29,2020,53
2020-12-30,2020,53
2020-12-31,2020,53
2021-01-01,2020,53
2021-01-02,2020,53
2021-01-03,2021,1
2021-01-04,2021,1
2021-01-05,2021,1
2021-01-06,2021,1
2021-01-07,2021,1
2021-01-08,2021,1
2021-01-09,2021,1
2021-01-10,2021,2
2021-01-11,2021,2
2021-01-12,2021,2
2021-01-13,2021,2
2021-01-14,2021,2
2021-01-15,2021,2
2021-01-16,2021,2
2021-01-17,2021,3
2021-01-18,2021,3
2021-01-19,2021,3
2021-01-20,2021,3
2021-01-21,2021,3
2021-01-22,2021,3
2021-01-23,2021,3
2021-01-24,2021,4
2021-01-25,2021,4
2021-01-26,2021,4
2021-01-27,2021,4
2021-01-28,2021,4
2021-01-29,2021,4
2021-01-30,2021,4
2021-01-31,2021,5
2021-02-01,2021,5
2021-02-02,2021,5
2021-02-03,2021,5
2021-02-04,2021,5
2021-02-05,2021,5
2021-02-06,2021,5
2021-02-07,2021,6
2021-02-08,2021,6
2021-02-09,2021,6
2021-02-10,2021,6
2021-02-11,2021,6
2021-02-12,2021,6
2021-02-13,2021,6
2021-02-14,2021,7
2021-02-15,2021,7
2021-02-16,2021,7
2021-02-17,2021,7
2021-02-18,2021,7
2021-02-19,2021,7
2021-02-20,2021,7
2021-02-21,2021,8
2021-02-22,2021,8
2021-02-23,2021,8
2021-02-24,2021,8
2021-02-25,2021,8
2021-02-26,2021,8
2021-02-27,2021,8
2021-02-28,2021,9
2021-03-01,2021,9
2021-03-02,2021,9
2021-03-03,2021,9
2021-03-04,2021,9
2021-03-05,2021,9
2021-03-06,2021,9
2021-03-07,2021,10
2021-03-08,2021,10
2021-03-09,2021,10
2021-03-10,2021,10
2021-03-11,2021,10
2021-03-12,2021,10
2021-03-13,2021,10
2021-03-14,2021,11
2021-03-15,2021,11
2021-03-16,2021,11
2021-03-17,2021,11
2021-03-18,2021,11
2021-03-19,2021,11
2021-03-20,2021,11
2021-03-21,2021,12
2021-03-22,2021,12
2021-03-23,2021,12
2021-03-24,2021,12
2021-03-25,2021,12
2021-03-26,2021,12
2021-03-27,2021,12
2021-03-28,2021,13
2021-03-29,2021,13
2021-03-30,2021,13
2021-03-31,2021,13
2021-04-01,2021,13
2021-04-02,2021,13
2021-04-03,2021,13
2021-04-04,2021,14
2021-04-05,2021,14
2021-04-06,2021,14
2021-04-07,2021,14
2021-04-08,2021,14
2021-04-09,2021,14
2021-04-10,2021,14
2021-04-11,2021,15
2021-04-12,2021,15
2021-04-13,2021,15
2021-04-14,2021,15
2021-04-15,2021,15
2021-04-16,2021,15
2021-04-17,2021,15
2021-04-18,2021,16
2021-04-19,2021,16
2021-04-20,2021,16
2021-04-21,2021,16
2021-04-22,2021,16
2021-04-23,2021,16
2021-04-24,2021,16
2021-04-25,2021,17
2021-04-26,2021,17
2021-04-27,2021,17
2021-04-28,2021,17
2021-04-29,2021,17
2021-04-30,2021,17
2021-05-01,2021,17
2021-05-02,2021,18
2021-05-03,2021,18
2021-05-04,2021,18
2021-05-05,2021,18
2021-05-06,2021,18
2021-05-07,2021,18
2021-05-08,2021,18
2021-05-09,2021,19
2021-05-10,2021,19
2021-05-11,2021,19
2021-05-12,2021,19
2021-05-13,2021,19
2021-05-14,2021,19
2021-05-15,2021,19
2021-05-16,2021,20
2021-05-17,2021,20
2021-05-18,2021,20
2021-05-19,2021,20
2021-05-20,2021,20
2021-05-21,2021,20
2021-05-22,2021,20
2021-05-23,2021,21
2021-05-24,2021,21
2021-05-25,2021,21
2021-05-26,2021,21
2021-05-27,2021,21
2021-05-28,2021,21
2021-05-29,2021,21
2021-05-30,2021,22
2021-05-31,2021,22
2021-06-01,2021,22
2021-06-02,2021,22
2021-06-03,2021,22
2021-06-04,2021,22
2021-06-05,2021,22
2021-06-06,2021,23
2021-06-07,2021,23
2021-06-08,2021,23
2021-06-09,2021,23
2021-06-10,2021,23
2021-06-11,2021,23
2021-06-12,2021,23
2021-06-13,2021,24
2021-06-14,2021,24
2021-06-15,2021,24
2021-06-16,2021,24
2021-06-17,2021,24
2021-06-18,2021,24
2021-06-19,2021,24
2021-06-20,2021,25
2021-06-21,2021,25
2021-06-22,2021,25
2021-06-23,2021,25
2021-06-24,2021,25
2021-06-25,2021,25
2021-06-26,2021,25
2021-06-27,2021,26
2021-06-28,2021,26
2021-06-29,2021,26
2021-06-30,2021,26
2021-07-01,2021,26
2021-07-02,2021,26
2021-07-03,2021,26
2021-07-04,2021,27
2021-07-05,2021,27
2021-07-06,2021,27
2021-07-07,2021,27
2021-07-08,2021,27
2021-07-09,2021,27
2021-07-10,2021,27
2021-07-11,2021,28
2021-07-12,2021,28
2021-07-13,2021,28
2021-07-14,2021,28
2021-07-15,2021,28
2021-07-16,2021,28
2021-07-17,2021,28
2021-07-18,2021,29
2021-07-19,2021,29
2021-07-20,2021,29
2021-07-21,2021,29
2021-07-22,2021,29
2021-07-23,2021,29
2021-07-24,2021,29
2021-07-25,2021,30
2021-07-26,2021,30
2021-07-27,2021,30
2021-07-28,2021,30
2021-07-29,2021,30
2021-07-30,2021,30
2021-07-31,2021,30
2021-08-01,2021,31
2021-08-02,2021,31
2021-08-03,2021,31
2021-08-04,2021,31
2021-08-05,2021,31
2021-08-06,2021,31
2021-08-07,2021,31
2021-08-08,2021,32
2021-08-09,2021,32
2021-08-10,2021,32
2021-08-11,2021,32
2021-08-12,2021,32
2021-08-13,2021,32
2021-08-14,2021,32
2021-08-15,2021,33
2021-08-16,2021,33
2021-08-17,2021,33
2021-08-18,2021,33
2021-08-19,2021,33
2021-08-20,2021,33
2021-08-21,2021,33
2021-08-22,2021,34
2021-08-23,2021,34
2021-08-24,2021,34
2021-08-25,2021,34
2021-08-26,2021,34
2021-08-27,2021,34
2021-08-28,2021,34
2021-08-29,2021,35
2021-08-30,2021,35
2021-08-31,2021,35
2021-09-01,2021,35
2021-09-02,2021,35
2021-09-03,2021,35
2021-09-04,2021,35
2021-09-05,2021,36
2021-09-06,2021,36
2021-09-07,2021,36
2021-09-08,2021,36
2021-09-09,2021,36
2021-09-10,2021,36
2021-09-11,2021,36
2021-09-12,2021,37
2021-09-13,2021,37
2021-09-14,2021,37
2021-09-15,2021,37
2021-09-16,2021,37
2021-09-17,2021,37
2021-09-18,2021,37
2021-09-19,2021,38
2021-09-20,2021,38
2021-09-21,2021,38
2021-09-22,2021,38
2021-09-23,2021,38
2021-09-24,2021,38
2021-09-25,2021,38
2021-09-26,2021,39
2021-09-27,2021,39
2021-09-28,2021,39
2021-09-29,2021,39
2021-09-30,2021,39
2021-10-01,2021,39
2021-10-02,2021,39
2021-10-03,2021,40
2021-10-04,2021,40
2021-10-05,2021,40
2021-10-06,2021,40
2021-10-07,2021,40
2021-10-08,2021,40
2021-10-09,2021,40
2021-10-10,2021,41
2021-10-11,2021,41
2021-10-12,2021,41
2021-10-13,2021,41
2021-10-14,2021,41
2021-10-15,2021,41
2021-10-16,2021,41
2021-10-17,2021,42
2021-10-18,2021,42
2021-10-19,2021,42
2021-10-20,2021,42
2021-10-21,2021,42
2021-10-22,2021,42
2021-10-23,2021,42
2021-10-24,2021,43
2021-10-25,2021,43
2021-10-26,2021,43
2021-10-27,2021,43
2021-10-28,2021,43
2021-10-29,2021,43
2021-10-30,2021,43
2021-10-31,2021,44
2021-11-01,2021,44
2021-11-02,2021,44
2021-11-03,2021,44
2021-11-04,2021,44
2021-11-05,2021,44
2021-11-06,2021,44
2021-11-07,2021,45
2021-11-08,2021,45
2021-11-09,2021,45
2021-11-10,2021,45
2021-11-11,2021,45
2021-11-12,2021,45
2021-11-13,2021,45
2021-11-14,2021,46
2021-11-15,2021,46
2021-11-16,2021,46
2021-11-17,2021,46
2021-11-18,2021,46
2021-11-19,2021,46
2021-11-20,2021,46
2021-11-21,2021,47
2021-11-22,2021,47
2021-11-23,2021,47
2021-11-24,2021,47
2021-11-25,2021,47
2021-11-26,2021,47
2021-11-27,2021,47
2021-11-28,2021,48
2021-11-29,2021,48
2021-11-30,2021,48
2021-12-01,2021,48
2021-12-02,2021,48
2021-12-03,2021,48
2021-12-04,2021,48
2021-12-05,2021,49
2021-12-06,2021,49
2021-12-07,2021,49
2021-12-08,2021,49
2021-12-09,2021,49
2021-12-10,2021,49
2021-12-11,2021,49
2021-12-12,2021,50
2021-12-13,2021,50
2021-12-14,2021,50
2021-12-15,2021,50
2021-12-16,2021,50
2021-12-17,2021,50
2021-12-18,2021,50
2021-12-19,2021,51
2021-12-20,2021,51
2021-12-21,2021,51
2021-12-22,2021,51
2021-12-23,2021,51
2021-12-24,2021,51
2021-12-25,2021,51
2021-12-26,2021,52
2021-12-27,2021,52
2021-12-28,2021,52
2021-12-29,2021,52
2021-12-30,2021,52
2021-12-31,2021,52
2022-01-01,2021,52
2022-01-02,2022,1
2022-01-03,2022,1
2022-01-04,2022,1
2022-01-05,2022,1
2022-01-06,2022,1
2022-01-07,2022,1
2022-01-08,2022,1
2022-01-09,2022,2
2022-01-10,2022,2
2022-01-11,2022,2
2022-01-12,2022,2
2022-01-13,2022,2
2022-01-14,2022,2
2022-01-15,2022,2
2022-01-16,2022,3
2022-01-17,2022,3
2022-01-18,2022,3
2022-01-19,2022,3
2022-01-20,2022,3
2022-01-21,2022,3
2022-01-22,2022,3
2022-01-23,2022,4
2022-01-24,2022,4
2022-01-25,2022,4
2022-01-26,2022,4
2022-01-27,2022,4
2022-01-28,2022,4
2022-01-29,2022,4
2022-01-30,2022,5
2022-01-31,2022,5
2022-02-01,2022,5
2022-02-02,2022,5
2022-02-03,2022,5
2022-02-04,2022,5
2022-02-05,2022,5
2022-02-06,2022,6
2022-02-07,2022,6
2022-02-08,2022,6
2022-02-09,2022,6
2022-02-10,2022,6
2022-02-11,2022,6
2022-02-12,2022,6
2022-02-13,2022,7
2022-02-14,2022,7
2022-02-15,2022,7
2022-02-16,2022,7
2022-02-17,2022,7
2022-02-18,2022,7
2022-02-19,2022,7
2022-02-20,2022,8
2022-02-21,2022,8
2022-02-22,2022,8
2022-02-23,2022,8
2022-02-24,2022,8
2022-02-25,2022,8
2022-02-26,2022,8
2022-02-27,2022,9
2022-02-28,2022,9
2022-03-01,2022,9
2022-03-02,2022,9
2022-03-03,2022,9
2022-03-04,2022,9
2022-03-05,2022,9
2022-03-06,2022,10
2022-03-07,2022,10
2022-03-08,2022,10
2022-03-09,2022,10
2022-03-10,2022,10
2022-03-11,2022,10
2022-03-12,2022,10
2022-03-13,2022,11
2022-03-14,2022,11
2022-03-15,2022,11
2022-03-16,2022,11
2022-03-17,2022,11
2022-03-18,2022,11
2022-03-19,2022,11
2022-03-20,2022,12
2022-03-21,2022,12
2022-03-22,2022,12
2022-03-23,2022,12
2022-03-24,2022,12
2022-03-25,2022,12
2022-03-26,2022,12
2022-03-27,2022,13
2022-03-28,2022,13
2022-03-29,2022,13
2022-03-30,2022,13
2022-03-31,2022,13
2022-04-01,2022,13
2022-04-02,2022,13
2022-04-03,2022,14
2022-04-04,2022,14
2022-04-05,2022,14
2022-04-06,2022,14
2022-04-07,2022,14
2022-04-08,2022,14
2022-04-09,2022,14
2022-04-10,2022,15
2022-04-11,2022,15
2022-04-12,2022,15
2022-04-13,2022,15
2022-04-14,2022,15
2022-04-15,2022,15
2022-04-16,2022,15
2022-04-17,2022,16
2022-04-18,2022,16
2022-04-19,2022,16
2022-04-20,2022,16
2022-04-21,2022,16
2022-04-22,2022,16
2022-04-23,2022,16
2022-04-24,2022,17
2022-04-25,2022,17
2022-04-26,2022,17
2022-04-27,2022,17
2022-04-28,2022,17
2022-04-29,2022,17
2022-04-30,2022,17
2022-05-01,2022,18
2022-05-02,2022,18
2022-05-03,2022,18
2022-05-04,2022,18
2022-05-05,2022,18
2022-05-06,2022,18
2022-05-07,2022,18
2022-05-08,2022,19
2022-05-09,2022,19
2022-05-10,2022,19
2022-05-11,2022,19
2022-05-12,2022,19
2022-05-13,2022,19
2022-05-14,2022,19
2022-05-15,2022,20
2022-05-16,2022,20
2022-05-17,2022,20
2022-05-18,2022,20
2022-05-19,2022,20
2022-05-20,2022,20
2022-05-21,2022,20
2022-05-22,2022,21
2022-05-23,2022,21
2022-05-24,2022,21
2022-05-25,2022,21
2022-05-26,2022,21
2022-05-27,2022,21
2022-05-28,2022,21
2022-05-29,2022,22
2022-05-30,2022,22
2022-05-31,2022,22
2022-06-01,2022,22
2022-06-02,2022,22
2022-06-03,2022,22
2022-06-04,2022,22
2022-06-05,2022,23
2022-06-06,2022,23
2022-06-07,2022,23
2022-06-08,2022,23
2022-06-09,2022,23
2022-06-10,2022,23
2022-06-11,2022,23
2022-06-12,2022,24
2022-06-13,2022,24
2022-06-14,2022,24
2022-06-15,2022,24
2022-06-16,2022,24
2022-06-17,2022,24
2022-06-18,2022,24
2022-06-19,2022,25
2022-06-20,2022,25
2022-06-21,2022,25
2022-06-22,2022,25
2022-06-23,2022,25
2022-06-24,2022,25
2022-06-25,2022,25
2022-06-26,2022,26
2022-06-27,2022,26
2022-06-28,2022,26
2022-06-29,2022,26
2022-06-30,2022,26
2022-07-01,2022,26
2022-07-02,2022,26
2022-07-03,2022,27
2022-07-04,2022,27
2022-07-05,2022,27
2022-07-06,2022,27
2022-07-07,2022,27
2022-07-08,2022,27
2022-07-09,2022,27
2022-07-10,2022,28
2022-07-11,2022,28
2022-07-12,2022,28
2022-07-13,2022,28
2022-07-14,2022,28
2022-07-15,2022,28
2022-07-16,2022,28
2022-07-17,2022,29
2022-07-18,2022,29
2022-07-19,2022,29
2022-07-20,2022,29
2022-07-21,2022,29
2022-07-22,2022,29
2022-07-23,2022,29
2022-07-24,2022,30
2022-07-25,2022,30
2022-07-26,2022,30
2022-07-27,2022,30
2022-07-28,2022,30
2022-07-29,2022,30
2022-07-30,2022,30
2022-07-31,2022,31
2022-08-01,2022,31
2022-08-02,2022,31
2022-08-03,2022,31
2022-08-04,2022,31
2022-08-05,2022,31
2022-08-06,2022,31
2022-08-07,2022,32
2022-08-08,2022,32
2022-08-09,2022,32
2022-08-10,2022,32
2022-08-11,2022,32
2022-08-12,2022,32
2022-08-13,2022,32
2022-08-14,2022,33
2022-08-15,2022,33
2022-08-16,2022,33
2022-08-17,2022,33
2022-08-18,2022,33
2022-08-19,2022,33
2022-08-20,2022,33
2022-08-21,2022,34
2022-08-22,2022,34
2022-08-23,2022,34
2022-08-24,2022,34
2022-08-25,2022,34
2022-08-26,2022,34
2022-08-27,2022,34
2022-08-28,2022,35
2022-08-29,2022,35
2022-08-30,2022,35
2022-08-31,2022,35
2022-09-01,2022,35
2022-09-02,2022,35
2022-09-03,2022,35
2022-09-04,2022,36
2022-09-05,2022,36
2022-09-06,2022,36
2022-09-07,2022,36
2022-09-08,2022,36
2022-09-09,2022,36
2022-09-10,2022,36
2022-09-11,2022,37
2022-09-12,2022,37
2022-09-13,2022,37
2022-09-14,2022,37
2022-09-15,2022,37
2022-09-16,2022,37
2022-09-17,2022,37
2022-09-18,2022,38
2022-09-19,2022,38
2022-09-20,2022,38
2022-09-21,2022,38
2022-09-22,2022,38
2022-09-23,2022,38
2022-09-24,2022,38
2022-09-25,2022,39
2022-09-26,2022,39
2022-09-27,2022,39
2022-09-28,2022,39
2022-09-29,2022,39
2022-09-30,2022,39
2022-10-01,2022,39
2022-10-02,2022,40
2022-10-03,2022,40
2022-10-04,2022,40
2022-10-05,2022,40
2022-10-06,2022,40
2022-10-07,2022,40
2022-10-08,2022,40
2022-10-09,2022,41
2022-10-10,2022,41
2022-10-11,2022,41
2022-10-12,2022,41
2022-10-13,2022,41
2022-10-14,2022,41
2022-10-15,2022,41
2022-10-16,2022,42
2022-10-17,2022,42
2022-10-18,2022,42
2022-10-19,2022,42
2022-10-20,2022,42
2022-10-21,2022,42
2022-10-22,2022,42
2022-10-23,2022,43
2022-10-24,2022,43
2022-10-25,2022,43
2022-10-26,2022,43
2022-10-27,2022,43
2022-10-28,2022,43
2022-10-29,2022,43
2022-10-30,2022,44
2022-10-31,2022,44
2022-11-01,2022,44
2022-11-02,2022,44
2022-11-03,2022,44
2022-11-04,2022,44
2022-11-05,2022,44
2022-11-06,2022,45
2022-11-07,2022,45
2022-11-08,2022,45
2022-11-09,2022,45
2022-11-10,2022,45
2022-11-11,2022,45
2022-11-12,2022,45
2022-11-13,2022,46
2022-11-14,2022,46
2022-11-15,2022,46
2022-11-16,2022,46
2022-11-17,2022,46
2022-11-18,2022,46
2022-11-19,2022,46
2022-11-20,2022,47
2022-11-21,2022,47
2022-11-22,2022,47
2022-11-23,2022,47
2022-11-24,2022,47
2022-11-25,2022,47
2022-11-26,2022,47
2022-11-27,2022,48
2022-11-28,2022,48
2022-11-29,2022,48
2022-11-30,2022,48
2022-12-01,2022,48
2022-12-02,2022,48
2022-12-03,2022,48
2022-12-04,2022,49
2022-12-05,2022,49
2022-12-06,2022,49
2022-12-07,2022,49
2022-12-08,2022,49
2022-12-09,2022,49
2022-12-10,2022,49
2022-12-11,2022,50
2022-12-12,2022,50
2022-12-13,2022,50
2022-12-14,2022,50
2022-12-15,2022,50
2022-12-16,2022,50
2022-12-17,2022,50
2022-12-18,2022,51
2022-12-19,2022,51
2022-12-20,2022,51
2022-12-21,2022,51
2022-12-22,2022,51
2022-12-23,2022,51
2022-12-24,2022,51
2022-12-25,2022,52
2022-12-26,2022,52
2022-12-27,2022,52
2022-12-28,2022,52
2022-12-29,2022,52
2022-12-30,2022,52
2022-12-31,2022,52
